activity_id,shoes,device,suffer,vaporfly
2748771912,\xe2\x80\x94,Garmin f\xc4\x93nix 3,\xe2\x80\x94,0
1203085719,\xe2\x80\x94,Garmin Forerunner 220,\xe2\x80\x94,0
946946587,\xe2\x80\x94,Garmin Forerunner 630,\xe2\x80\x94,0
1513000312,HOKA ONE ONE Arahi\n(424.1 mi),Garmin f\xc4\x93nix 5X,\xe2\x80\x94,0
1264452087,\xe2\x80\x94,Garmin f\xc4\x93nix,\xe2\x80\x94,0
2292104349,Nike Nike Vaporfly 4%\n(121.4 mi),Garmin Forerunner 935,\xe2\x80\x94,1
1891074074,\xe2\x80\x94,Garmin Forerunner 735XT,\xe2\x80\x94,0
1845249630,\xe2\x80\x94,Garmin Forerunner 35,353,0
2325309511,\xe2\x80\x94,Garmin Forerunner 35,663,0
2786030544,HOKA ONE ONE Carbon X\n(155.9 mi),Garmin Forerunner 935,274,0
946955468,adidas Adios Boost 3 (Black/White)\n(74.8 mi),Garmin Forerunner 630,267,0
2786049475,Nike Zoom Fly 3\n(407.5 mi),Apple Watch Series 4,565,0
289236652,\xe2\x80\x94,Garmin Forerunner 910XT,\xe2\x80\x94,0
1524831204,Nike Pegasus 34 Black\n(426.8 mi),Garmin Forerunner 630,\xe2\x80\x94,0
2292078455,Nike Vaporfly 4% Flyknit\n(145.1 mi),Garmin Forerunner 235,404,1
200460733,\xe2\x80\x94,Strava iPhone App,\xe2\x80\x94,0
1199446724,Nike Lunar Tempo\n(269.9 mi),Garmin Forerunner 235,268,0
214881411,ASICS Gel-Nimbus 16\n(423.7 mi),Suunto Ambit2 S,839,0
2749181183,\xe2\x80\x94,Garmin f\xc4\x93nix 5X,\xe2\x80\x94,0
555795811,\xe2\x80\x94,Garmin Forerunner 910XT,\xe2\x80\x94,0
1902300441,"Newton Gravity\n(3,330.5 mi)",Garmin Forerunner 920XT,\xe2\x80\x94,0
2748712233,\xe2\x80\x94,Garmin f\xc4\x93nix 5X Plus,529,0
1524614571,Nike VaporFly 4%\n(405.3 mi),Garmin Forerunner 935,386,1
1845350750,\xe2\x80\x94,Suunto Spartan Ultra,\xe2\x80\x94,0
1263376673,adidas adizero Adios 3 Blue A\n(383.6 mi),Garmin Forerunner 235,306,0
1524503462,Nike VaporFly 4%\n(87.4 mi),Garmin Forerunner 630,271,1
1223172010,Saucony Guide 10\n(435.9 mi),Garmin Forerunner 220,413,0
1512419805,\xe2\x80\x94,Garmin v\xc3\xadvoactive HR,\xe2\x80\x94,0
424741021,\xe2\x80\x94,\xe2\x80\x94,\xe2\x80\x94,0
2748941256,Nike Vaporfly Next%\n(119.5 mi),\xe2\x80\x94,401,1
1262895895,\xe2\x80\x94,Garmin Forerunner 920XT,725,0
136699349,\xe2\x80\x94,Garmin Forerunner 305,\xe2\x80\x94,0
219028081,\xe2\x80\x94,Garmin Forerunner 620,\xe2\x80\x94,0
948900553,Saucony Kinvara 7 (2017)\n(953.5 mi),Garmin Forerunner 610,\xe2\x80\x94,0
293498643,\xe2\x80\x94,Garmin Forerunner 620,\xe2\x80\x94,0
1512379868,"Newton gravity 6\n(2,428.8 mi)",Garmin Forerunner 935,299,0
1845120300,"New Balance 1500 V4 T2\n(1,213.4 mi)",Garmin Forerunner 225,61,0
401265767,\xe2\x80\x94,Garmin Forerunner 620,\xe2\x80\x94,0
549735433,HOKA ONE ONE Constant Road 2\n(782.2 mi),Garmin Forerunner 305,\xe2\x80\x94,0
2292914584,\xe2\x80\x94,Garmin Forerunner 230,\xe2\x80\x94,0
1512275083,Nike VaporFly 4%\n(42.2 mi),Garmin f\xc4\x93nix 3,527,1
2839610202,Nike PEGASUS 34\n(424.5 mi),Garmin Forerunner 235,\xe2\x80\x94,0
252594840,\xe2\x80\x94,Garmin Forerunner 910XT,\xe2\x80\x94,0
1525055461,\xe2\x80\x94,Garmin Forerunner 935,\xe2\x80\x94,0
289255552,\xe2\x80\x94,Garmin Forerunner 920XT,382,0
207095416,Mizuno Sayonara\n(974.2 mi),Garmin Forerunner 405,\xe2\x80\x94,0
1512620303,"adidas Adizero Tempo 9\n(1,320.3 mi)",Garmin f\xc4\x93nix 3,\xe2\x80\x94,0
1424594698,\xe2\x80\x94,Strava Android App,\xe2\x80\x94,0
1946442821,\xe2\x80\x94,Garmin Forerunner 920XT,\xe2\x80\x94,0
216761536,\xe2\x80\x94,Garmin Forerunner 910XT,\xe2\x80\x94,0
1524639753,"HOKA ONE ONE Tracer\n(8,078.9 mi)",Garmin Forerunner 920XT,\xe2\x80\x94,0
2787080267,Nike Vaporfly Next%\n(35.8 mi),Garmin Forerunner 935,\xe2\x80\x94,1
1524739599,"ASICS Nimbus Gel 19\n(4,366.1 mi)",Garmin Forerunner 235,684,0
2838845776,Nike Peg36 - Black\n(807.5 mi),Garmin Forerunner 235,510,0
1524613973,"adidas Boston Boost 6\n(3,485.7 mi)",Garmin Forerunner 735XT,672,0
1947202973,\xe2\x80\x94,Garmin Forerunner 225,\xe2\x80\x94,0
946632164,\xe2\x80\x94,Garmin Forerunner 235,\xe2\x80\x94,0
2838739830,Nike Vaporfly Next % (Green Fluo) Nov 19\n(30.6 mi),Garmin Forerunner 235,\xe2\x80\x94,1
1946342032,\xe2\x80\x94,\xe2\x80\x94,\xe2\x80\x94,0
1907745881,\xe2\x80\x94,Garmin Forerunner 225,\xe2\x80\x94,0
739869871,\xe2\x80\x94,Garmin Forerunner 25,\xe2\x80\x94,0
549410729,\xe2\x80\x94,Garmin Forerunner 920XT,333,0
1461579287,\xe2\x80\x94,Garmin Forerunner 910XT,\xe2\x80\x94,0
259168851,\xe2\x80\x94,Suunto Ambit2 R,\xe2\x80\x94,0
424880027,adidas addios Boost\n(636.1 mi),Garmin Forerunner 910XT,\xe2\x80\x94,0
2749182751,Nike ZoomX VaporFly Next %\n(140.9 mi),Garmin Forerunner 245 Music,315,1
549761694,Nike Streak 5\n(153.6 mi),Garmin Forerunner 310XT,\xe2\x80\x94,0
1199008708,New Balance 1400v4\n(305.3 mi),Garmin Forerunner 620,\xe2\x80\x94,0
2748892443,New Balance 1400\n(188.7 mi),Garmin Forerunner 230,\xe2\x80\x94,0
2787134526,Nike Next%\n(93.4 mi),Garmin Forerunner 35,554,1
2753186220,Nike ZoomX Vaporfly Next% Green\n(41.4 mi),Suunto Ambit3 Peak,\xe2\x80\x94,1
401589410,\xe2\x80\x94,Garmin Forerunner 910XT,\xe2\x80\x94,0
1262925250,HOKA ONE ONE Tracer 2\n(368.6 mi),Garmin f\xc4\x93nix 3,\xe2\x80\x94,0
2786613401,\xe2\x80\x94,Garmin Forerunner 935,\xe2\x80\x94,0
132942328,"Saucony\n(14,148.0 mi)",Garmin Forerunner 205,\xe2\x80\x94,0
555334877,\xe2\x80\x94,Garmin v\xc3\xadvoactive,\xe2\x80\x94,0
401930186,ASICS DS Trainer\n(606.0 mi),Polar V800,346,0
2325279224,ASICS Gel cumulus 20. Orange\n(918.4 mi),Garmin f\xc4\x93nix 3,\xe2\x80\x94,0
187797267,\xe2\x80\x94,GPX,\xe2\x80\x94,0
1263782561,\xe2\x80\x94,Garmin Forerunner 220,\xe2\x80\x94,0
2838871011,\xe2\x80\x94,Garmin Forerunner 920XT,643,0
2325275407,Nike Vapor Fly\n(89.7 mi),Garmin Forerunner 235,86,0
1891040594,\xe2\x80\x94,\xe2\x80\x94,\xe2\x80\x94,0
1524539125,adidas Adizero sub 2\n(336.3 mi),Garmin Forerunner 235,\xe2\x80\x94,0
739727126,ASICS Gel-Noosa Tri 9\n(293.9 mi),Garmin f\xc4\x93nix 3,340,0
2292179589,\xe2\x80\x94,Garmin Forerunner 630,\xe2\x80\x94,0
1845264151,\xe2\x80\x94,Garmin Forerunner 235,\xe2\x80\x94,0
1263862456,\xe2\x80\x94,Garmin Forerunner 920XT,\xe2\x80\x94,0
1524784534,\xe2\x80\x94,Garmin f\xc4\x93nix 3,\xe2\x80\x94,0
1221485988,\xe2\x80\x94,Garmin Forerunner 920XT,\xe2\x80\x94,0
1524530908,\xe2\x80\x94,Garmin Forerunner 630,\xe2\x80\x94,0
1726609308,\xe2\x80\x94,\xe2\x80\x94,\xe2\x80\x94,0
2392960428,"Mizuno Wave Rider 22\n(4,569.8 mi)",Garmin Forerunner 910XT,\xe2\x80\x94,0
1890551730,\xe2\x80\x94,Strava iPhone App,\xe2\x80\x94,0
134735757,Nike Lunaracer +3 (grey)\n(205.0 mi),Garmin Forerunner 910XT,\xe2\x80\x94,0
555270522,Brooks Ghost\n(304.3 mi),Garmin Forerunner 225,355,0
1845347308,\xe2\x80\x94,Garmin Forerunner 645,131,0
2293712430,Nike Flyknit Vaporfly 4%\n(185.8 mi),Garmin Forerunner 225,\xe2\x80\x94,1
740009147,\xe2\x80\x94,\xe2\x80\x94,717,0
292851791,adidas Supernova Glide 7 (Yellow)\n(457.2 mi),Strava iPhone App,\xe2\x80\x94,0
512857635,"ASICS Gel Kayano 22\n(1,454.9 mi)",Garmin Forerunner 610,\xe2\x80\x94,0
237809020,\xe2\x80\x94,GPX,\xe2\x80\x94,0
1890365906,"adidas UltraBoost\n(6,086.3 mi)",\xe2\x80\x94,202,0
1512424850,adidas Adizero Adios 3\n(421.2 mi),Garmin Forerunner 235,663,0
215499845,\xe2\x80\x94,Garmin Forerunner 620,\xe2\x80\x94,0
462018324,\xe2\x80\x94,Garmin Forerunner 220,\xe2\x80\x94,0
949495932,Skechers GOrun Ride 5 Orange 10.5\n(516.0 mi),Garmin Forerunner 910XT,614,0
214933627,ASICS Gel Hyperspeed 5\n(220.3 mi),\xe2\x80\x94,\xe2\x80\x94,0
2749344981,Nike Vaporfly 4% Flyknit\n(107.9 mi),Garmin Forerunner 735XT,\xe2\x80\x94,1
555892354,\xe2\x80\x94,Garmin Forerunner 910XT,\xe2\x80\x94,0
1525651352,\xe2\x80\x94,Garmin Forerunner 230,\xe2\x80\x94,0
946552418,adidas Boston 6\n(206.6 mi),Garmin f\xc4\x93nix 3,\xe2\x80\x94,0
1264316609,Saucony Fastwitch 7 2016\n(185.7 mi),Garmin f\xc4\x93nix 3,\xe2\x80\x94,0
2839227978,\xe2\x80\x94,Garmin Forerunner 235,\xe2\x80\x94,0
586242476,\xe2\x80\x94,Garmin Forerunner 405,\xe2\x80\x94,0
555375651,\xe2\x80\x94,Garmin Forerunner 220,\xe2\x80\x94,0
2748758180,"New Balance Zante v3\n(7,922.8 mi)",Garmin Forerunner 235,296,0
425047129,\xe2\x80\x94,Polar V800,\xe2\x80\x94,0
1262893284,\xe2\x80\x94,Strava iPhone App,\xe2\x80\x94,0
739946607,\xe2\x80\x94,Garmin v\xc3\xadvoactive,\xe2\x80\x94,0
2292108794,Nike VaporFly 4%\n(83.4 mi),Garmin Forerunner 620,\xe2\x80\x94,1
946623867,\xe2\x80\x94,Garmin Forerunner 235,\xe2\x80\x94,0
2769914397,\xe2\x80\x94,Garmin Forerunner 225,603,0
946581594,\xe2\x80\x94,Garmin Forerunner 225,\xe2\x80\x94,0
2786108791,Nike Nike ZoomX Vaporfly NEXT%\n(105.0 mi),Garmin Forerunner 235,\xe2\x80\x94,1
1263175549,\xe2\x80\x94,Garmin Forerunner 920XT,\xe2\x80\x94,0
1512293206,Nike Zoom Fly\n(339.1 mi),Apple Watch Series 3,\xe2\x80\x94,0
2839367705,"adidas Adios Adizero\n(3,429.1 mi)",Garmin Forerunner 935,\xe2\x80\x94,0
1894924213,\xe2\x80\x94,Garmin Forerunner 920XT,\xe2\x80\x94,0
2326927628,Nike Trail\n(54.0 mi),TomTom,\xe2\x80\x94,0
1946436402,\xe2\x80\x94,Garmin Forerunner 935,\xe2\x80\x94,0
2786767312,\xe2\x80\x94,Polar Vantage M,\xe2\x80\x94,0
1525434206,"Saucony Kinvara 8\n(1,009.8 mi)",Garmin Forerunner 235,320,0
1258866799,\xe2\x80\x94,Garmin Forerunner 230,\xe2\x80\x94,0
2786425493,\xe2\x80\x94,Garmin Forerunner 645 Music,\xe2\x80\x94,0
289252490,"Brooks Pure Cadance 2 #3\n(2,092.2 mi)",Garmin f\xc4\x93nix,\xe2\x80\x94,0
946598540,New Balance Fresh Foam Zante\n(189.5 mi),Garmin f\xc4\x93nix 3,\xe2\x80\x94,0
133447224,Brooks Racer st 5 - Blue\n(456.8 mi),Garmin Forerunner 405,\xe2\x80\x94,0
739864525,Brooks Adrenaline GTS\n(243.7 mi),Garmin Forerunner 630,\xe2\x80\x94,0
1891078819,\xe2\x80\x94,Garmin Forerunner 735XT,274,0
2754293362,Brooks Prue Cadence\n(231.5 mi),Suunto Ambit2 R,\xe2\x80\x94,0
1512265410,\xe2\x80\x94,Garmin f\xc4\x93nix 3,636,0
214929809,\xe2\x80\x94,Garmin Forerunner 220,\xe2\x80\x94,0
559970151,\xe2\x80\x94,Garmin Forerunner 910XT,\xe2\x80\x94,0
1946217028,\xe2\x80\x94,Garmin Forerunner 735XT,446,0
1221314041,Nike Zoom Streak 6 Electro Green\n(586.9 mi),Garmin Forerunner 235,349,0
2325392078,Nike Vaporfly 4% (par 1)\n(132.2 mi),Garmin Forerunner 735XT,\xe2\x80\x94,1
739820805,\xe2\x80\x94,Garmin Forerunner 735XT,448,0
411034539,\xe2\x80\x94,Strava iPhone App,\xe2\x80\x94,0
1262980985,adidas Adizero Adios 3 Black\n(252.3 mi),Garmin Forerunner 230,\xe2\x80\x94,0
1845332324,\xe2\x80\x94,Garmin f\xc4\x93nix 5,\xe2\x80\x94,0
1512577253,\xe2\x80\x94,Garmin Forerunner 25,\xe2\x80\x94,0
1424902707,adidas adios boost\n(939.8 mi),Suunto Spartan Ultra,\xe2\x80\x94,0
290070204,\xe2\x80\x94,Garmin Forerunner 910XT,489,0
946501109,Nike free run distance\n(620.5 mi),Garmin Forerunner 620,\xe2\x80\x94,0
1845080637,\xe2\x80\x94,Garmin Forerunner 235,\xe2\x80\x94,0
947312202,\xe2\x80\x94,Garmin f\xc4\x93nix 3,\xe2\x80\x94,0
1458189217,\xe2\x80\x94,Garmin Forerunner 610,\xe2\x80\x94,0
2326103439,\xe2\x80\x94,Garmin Forerunner 645 Music,\xe2\x80\x94,0
2839052053,Saucony kinvara 10\n(848.5 mi),Garmin Forerunner 645 Music,\xe2\x80\x94,0
1199320786,\xe2\x80\x94,Strava Android App,\xe2\x80\x94,0
558612014,\xe2\x80\x94,Garmin Forerunner 910XT,\xe2\x80\x94,0
1524484356,Nike Flyknit Racer\n(230.1 mi),Garmin Forerunner 645 Music,\xe2\x80\x94,0
424682709,HOKA ONE ONE Challenger ATR\n(746.5 mi),Strava iPhone App,\xe2\x80\x94,0
1890520204,\xe2\x80\x94,Garmin Forerunner 220,\xe2\x80\x94,0
1395458298,\xe2\x80\x94,Garmin Forerunner 620,\xe2\x80\x94,0
289748318,Brooks Adrenaline GTS\n(350.1 mi),Garmin Forerunner 405,\xe2\x80\x94,0
206579691,Saucony Fastwitch 6\n(180.4 mi),Garmin Forerunner 620,553,0
2838983951,On Cloudflow NYC\n(52.0 mi),Garmin Forerunner 920XT,\xe2\x80\x94,0
1524874210,\xe2\x80\x94,Garmin Forerunner 235,\xe2\x80\x94,0
209544947,\xe2\x80\x94,Garmin Forerunner 220,\xe2\x80\x94,0
739703752,New Balance pace\n(615.2 mi),Garmin Forerunner 910XT,\xe2\x80\x94,0
2786354289,\xe2\x80\x94,\xe2\x80\x94,\xe2\x80\x94,0
290171318,\xe2\x80\x94,Garmin Forerunner 220,\xe2\x80\x94,0
294215339,Inov-8 Road-X-Treme 138\n(912.7 mi),Garmin Forerunner 405,490,0
1512560551,\xe2\x80\x94,Garmin f\xc4\x93nix 5X,366,0
1198982676,"adidas Boston\n(4,518.4 mi)",Garmin Forerunner 735XT,168,0
879997434,\xe2\x80\x94,\xe2\x80\x94,390,0
1512299573,\xe2\x80\x94,Garmin Forerunner 230,\xe2\x80\x94,0
555763121,\xe2\x80\x94,Garmin Forerunner 910XT,\xe2\x80\x94,0
1512966508,\xe2\x80\x94,Garmin Forerunner 920XT,423,0
411680692,"Saucony Hurricane 14\n(3,788.8 mi)",Garmin Forerunner 310XT,\xe2\x80\x94,0
879982925,\xe2\x80\x94,Garmin Forerunner 920XT,\xe2\x80\x94,0
1946561217,New Balance FuelCell Impulse\n(230.1 mi),Garmin Forerunner 225,373,0
1512418351,Nike VaporFly 4%\n(115.7 mi),Suunto,278,1
948568480,\xe2\x80\x94,GPX,\xe2\x80\x94,0
2325277326,\xe2\x80\x94,Garmin Forerunner 935,316,0
741988843,\xe2\x80\x94,Garmin Forerunner 210,\xe2\x80\x94,0
1221363755,\xe2\x80\x94,Garmin f\xc4\x93nix 3,\xe2\x80\x94,0
1946530521,adidas Adios Boost 3 azul\n(278.4 mi),Garmin Forerunner 230,\xe2\x80\x94,0
2838910332,\xe2\x80\x94,Garmin Forerunner 645 Music,\xe2\x80\x94,0
206648972,\xe2\x80\x94,Suunto Ambit2,\xe2\x80\x94,0
1512586720,On Cloudflow\n(358.7 mi),Suunto Ambit3 Sport,\xe2\x80\x94,0
1946192463,\xe2\x80\x94,Garmin Forerunner 935,309,0
424781895,\xe2\x80\x94,Garmin Forerunner 220,\xe2\x80\x94,0
1844885303,\xe2\x80\x94,Strava iPhone App,\xe2\x80\x94,0
132758616,\xe2\x80\x94,Garmin Forerunner 610,\xe2\x80\x94,0
1890809001,Nike PegasusTurbo\n(312.0 mi),Suunto 9,343,0
1946381857,On Blue\n(206.1 mi),Suunto 9,510,0
1512566690,\xe2\x80\x94,Garmin Forerunner 920XT,\xe2\x80\x94,0
424944154,\xe2\x80\x94,Garmin Forerunner 620,\xe2\x80\x94,0
2842780923,\xe2\x80\x94,Garmin f\xc4\x93nix 5X,\xe2\x80\x94,0
2950278666,\xe2\x80\x94,Polar,\xe2\x80\x94,0
1077561456,\xe2\x80\x94,Garmin Forerunner 910XT,\xe2\x80\x94,0
1262896969,Mizuno Ware rider 20\n(449.3 mi),Garmin f\xc4\x93nix 3,\xe2\x80\x94,0
1512395776,New Balance 1400v5\n(423.3 mi),Garmin Forerunner 235,\xe2\x80\x94,0
1946149132,"adidas adizero aktiv\n(4,365.2 mi)",Garmin Forerunner 230,\xe2\x80\x94,0
1844941893,"Brooks addiction\n(10,785.4 mi)",Garmin Forerunner 620,\xe2\x80\x94,0
555413398,\xe2\x80\x94,Garmin Forerunner 220,\xe2\x80\x94,0
1846170322,\xe2\x80\x94,Garmin f\xc4\x93nix 3,123,0
1221154888,\xe2\x80\x94,Garmin Forerunner 235,\xe2\x80\x94,0
2838767279,adidas Boston 8\n(758.7 mi),Garmin Forerunner 35,\xe2\x80\x94,0
215325180,Saucony Cohesion TR7\n(458.9 mi),Garmin Forerunner 220,\xe2\x80\x94,0
1524599871,"Brooks Ghost\n(3,412.2 mi)",Garmin Forerunner 735XT,\xe2\x80\x94,0
289478462,Nike Lunar Flyknit\n(888.7 mi),Garmin Forerunner 620,578,0
688480088,Merrell Road Glove\n(244.7 mi),Garmin Forerunner 910XT,\xe2\x80\x94,0
1221193735,\xe2\x80\x94,Garmin Forerunner 630,\xe2\x80\x94,0
1893046110,\xe2\x80\x94,Garmin Forerunner 235,\xe2\x80\x94,0
946491149,ASICS GT 2000 3\n(649.5 mi),Garmin f\xc4\x93nix 3,\xe2\x80\x94,0
2838855903,Nike zoom vaporfly 4%\n(310.3 mi),Garmin Forerunner 220,\xe2\x80\x94,1
1512543278,Saucony Kinvara 8 (Blue)\n(307.3 mi),Garmin Forerunner 230,\xe2\x80\x94,0
270532138,\xe2\x80\x94,\xe2\x80\x94,\xe2\x80\x94,0
207158012,\xe2\x80\x94,Garmin Forerunner 210,416,0
293301424,Mizuno Wave Hitogami\n(339.7 mi),Garmin Forerunner 110,\xe2\x80\x94,0
946493129,New Balance Hanzo S\n(78.4 mi),Garmin Forerunner 735XT,\xe2\x80\x94,0
293794681,\xe2\x80\x94,Garmin Forerunner 910XT,\xe2\x80\x94,0
293406685,\xe2\x80\x94,Garmin Forerunner 610,\xe2\x80\x94,0
1890416851,\xe2\x80\x94,Garmin Forerunner 225,\xe2\x80\x94,0
1512771704,Altra The One Black V4\n(657.6 mi),Garmin v\xc3\xadvoactive,\xe2\x80\x94,0
293141588,\xe2\x80\x94,Garmin Forerunner 410,\xe2\x80\x94,0
946690602,adidas Adios boost 2 preto\n(395.3 mi),Garmin Forerunner 920XT,\xe2\x80\x94,0
549751127,ASICS Gel-Hyper Speed 6\n(170.5 mi),Garmin Forerunner 220,\xe2\x80\x94,0
1199492322,"ASICS hyperspeed #5\n(4,089.2 mi)",Garmin Forerunner 935,\xe2\x80\x94,0
1946511861,\xe2\x80\x94,Garmin Forerunner 235,657,0
549599071,HOKA ONE ONE Clifton\n(683.6 mi),GPX,\xe2\x80\x94,0
1199124060,\xe2\x80\x94,Garmin Forerunner 920XT,\xe2\x80\x94,0
297629581,\xe2\x80\x94,GPX,\xe2\x80\x94,0
1199789457,\xe2\x80\x94,Garmin Forerunner 620,\xe2\x80\x94,0
2838881159,Nike Vaporfly 4% Flyknit\n(115.7 mi),Garmin Forerunner 645,\xe2\x80\x94,1
739769935,Mizuno Wave Inspire 11 (white/purple) #2\n(492.5 mi),Garmin Forerunner 620,\xe2\x80\x94,0
2786488837,\xe2\x80\x94,Garmin f\xc4\x93nix 6 Pro,526,0
424864749,\xe2\x80\x94,Garmin Forerunner 920XT,448,0
411276161,New Balance Zante\n(289.6 mi),Garmin f\xc4\x93nix 3,\xe2\x80\x94,0
424665481,\xe2\x80\x94,\xe2\x80\x94,\xe2\x80\x94,0
2749072325,Nike Vaporfly\n(79.4 mi),Garmin Forerunner 235,752,1
2786095920,\xe2\x80\x94,Garmin Forerunner 935,\xe2\x80\x94,0
402238660,\xe2\x80\x94,Garmin Forerunner 10,\xe2\x80\x94,0
2292138302,Nike Vaporfly 4% Flyknit Orange (11/1/2018)\n(155.3 mi),Garmin Forerunner 235,653,1
1202899293,\xe2\x80\x94,Garmin Forerunner 920XT,\xe2\x80\x94,0
2839634356,\xe2\x80\x94,\xe2\x80\x94,\xe2\x80\x94,0
1537943553,\xe2\x80\x94,Garmin Forerunner 735XT,\xe2\x80\x94,0
388531281,\xe2\x80\x94,Garmin Forerunner 210,\xe2\x80\x94,0
2787040033,\xe2\x80\x94,Garmin Forerunner 620,\xe2\x80\x94,0
259135785,adidas Adios Boost Boston\n(288.9 mi),Garmin Forerunner 910XT,\xe2\x80\x94,0
401859647,\xe2\x80\x94,GPX,\xe2\x80\x94,0
946542882,\xe2\x80\x94,Garmin f\xc4\x93nix 3,\xe2\x80\x94,0
1513557162,\xe2\x80\x94,Garmin Forerunner 220,\xe2\x80\x94,0
1946580070,ASICS Gel Phoenix 8 (Blue (black &red stripe)\n(588.6 mi),Garmin Forerunner 235,269,0
401237195,Brooks Ghost\n(267.2 mi),Garmin Forerunner 620,\xe2\x80\x94,0
1221468951,"New Balance 1080 Prototype\n(11,837.6 mi)",Garmin Forerunner 620,\xe2\x80\x94,0
133770166,\xe2\x80\x94,Garmin Forerunner 610,\xe2\x80\x94,0
1424598165,\xe2\x80\x94,Garmin Forerunner 735XT,492,0
946434269,Skechers GoMeb Razor\n(74.5 mi),Garmin Forerunner 235,295,0
947559552,\xe2\x80\x94,Suunto Ambit2 S,\xe2\x80\x94,0
216053413,HOKA ONE ONE bondi b\n(316.5 mi),Garmin Forerunner 910XT,\xe2\x80\x94,0
1890810413,Saucony Ride\n(416.8 mi),Garmin f\xc4\x93nix 3,\xe2\x80\x94,0
852566607,\xe2\x80\x94,\xe2\x80\x94,\xe2\x80\x94,0
289765941,Pearl Izumi N2 Road\n(506.0 mi),Garmin Forerunner 620,438,0
2840512522,\xe2\x80\x94,Garmin Forerunner 735XT,\xe2\x80\x94,0
555253738,\xe2\x80\x94,Garmin Forerunner 920XT,\xe2\x80\x94,0
1680145650,\xe2\x80\x94,Garmin Forerunner 910XT,\xe2\x80\x94,0
555455351,On CloudRacer\n(132.0 mi),Garmin Forerunner 610,414,0
739558167,New Balance 1400v4\n(297.0 mi),Garmin Forerunner 220,\xe2\x80\x94,0
946914343,New Balance Fresh Foam v2 Breathe\n(653.1 mi),Garmin v\xc3\xadvoactive HR,\xe2\x80\x94,0
946580146,\xe2\x80\x94,\xe2\x80\x94,\xe2\x80\x94,0
555245140,\xe2\x80\x94,Garmin Forerunner 620,\xe2\x80\x94,0
411954113,\xe2\x80\x94,Garmin Forerunner 620,\xe2\x80\x94,0
1512293751,"HOKA ONE ONE Clifton 4\n(6,896.6 mi)",Garmin Forerunner 225,\xe2\x80\x94,0
1946318353,Saucony Freedom ISO - White/gold\n(718.5 mi),Garmin Forerunner 920XT,\xe2\x80\x94,0
1203131868,\xe2\x80\x94,Polar V800,\xe2\x80\x94,0
2325378636,Nike Vaporfly 2\n(814.2 mi),Garmin Forerunner 235,505,1
1845581846,\xe2\x80\x94,Garmin Forerunner 735XT,\xe2\x80\x94,0
1845219164,Brooks Ravenna\n(547.3 mi),Garmin f\xc4\x93nix 5,485,0
2749243357,\xe2\x80\x94,Garmin f\xc4\x93nix 5,253,0
1895212849,\xe2\x80\x94,Garmin Forerunner 920XT,\xe2\x80\x94,0
1512382491,\xe2\x80\x94,Garmin f\xc4\x93nix 3,161,0
946738839,\xe2\x80\x94,Garmin v\xc3\xadvoactive,\xe2\x80\x94,0
613039764,\xe2\x80\x94,Garmin Forerunner 310XT,\xe2\x80\x94,0
290215324,"New Balance RC1440 v2\n(1,083.0 mi)",Suunto Ambit3 Peak,\xe2\x80\x94,0
1201441700,\xe2\x80\x94,Garmin f\xc4\x93nix 5X,459,0
411879496,\xe2\x80\x94,Garmin Forerunner 10,\xe2\x80\x94,0
1946170734,Brooks Hyperion\n(394.4 mi),Garmin Forerunner 645 Music,410,0
1845456434,adidas Adizero Boston\n(638.2 mi),Garmin Forerunner 235,465,0
2292639868,"HOKA ONE ONE Clifton\n(20,266.6 mi)",Polar Vantage V,251,0
3382678427,adidas Boston 8\n(448.3 mi),\xe2\x80\x94,\xe2\x80\x94,0
1847109112,Salomon S-Lab Sens 2 Ultra_02\n(501.4 mi),Suunto Ambit2 S,\xe2\x80\x94,0
2839308089,Nike Nike Vaporfly Next%\n(156.4 mi),Garmin Forerunner 235,271,1
555353383,"ASICS GT-2000 3\n(2,748.6 mi)",Garmin Forerunner 920XT,\xe2\x80\x94,0
902595083,\xe2\x80\x94,GPX,\xe2\x80\x94,0
410948781,adidas Boston Boost 5\n(338.3 mi),Suunto Ambit3 Peak,\xe2\x80\x94,0
2292025140,"Nike Zoom elite 10\n(1,999.1 mi)",Garmin Forerunner 935,323,0
879880629,adidas adizero Japan 3 [2nd]\n(562.5 mi),\xe2\x80\x94,353,0
740386121,\xe2\x80\x94,Garmin Forerunner 620,\xe2\x80\x94,0
1221351267,\xe2\x80\x94,Garmin Forerunner 920XT,\xe2\x80\x94,0
411159531,\xe2\x80\x94,\xe2\x80\x94,\xe2\x80\x94,0
2325370064,\xe2\x80\x94,Garmin f\xc4\x93nix 5X,\xe2\x80\x94,0
739709265,\xe2\x80\x94,Garmin Forerunner 920XT,\xe2\x80\x94,0
1845010304,\xe2\x80\x94,Polar M430,595,0
1262972244,\xe2\x80\x94,Suunto Ambit3 Sport,\xe2\x80\x94,0
2838846494,Nike Flyknit 4%\n(154.0 mi),Garmin Forerunner 235,430,1
426672340,adidas Glide Boost\n(409.3 mi),Garmin Forerunner 220,\xe2\x80\x94,0
402908681,\xe2\x80\x94,Garmin Forerunner 620,\xe2\x80\x94,0
293092094,\xe2\x80\x94,Garmin Forerunner 610,\xe2\x80\x94,0
1946282033,\xe2\x80\x94,Apple Watch Series 3,\xe2\x80\x94,0
411217529,Saucony Guide 7\n(135.3 mi),Garmin Forerunner 220,\xe2\x80\x94,0
2838889054,\xe2\x80\x94,\xe2\x80\x94,\xe2\x80\x94,0
2325312177,\xe2\x80\x94,Garmin Forerunner 235,\xe2\x80\x94,0
424834579,Newton Distance\n(828.9 mi),Garmin Forerunner 920XT,\xe2\x80\x94,0
222881834,ASICS GEL Nimbus 14 Rainbow\n(439.9 mi),Garmin Forerunner 305,\xe2\x80\x94,0
555383261,adidas Adios boost 3 orange\n(149.1 mi),Garmin Forerunner 310XT,\xe2\x80\x94,0
294422591,adidas UltraBoost\n(336.6 mi),Garmin Forerunner 210,\xe2\x80\x94,0
1517175422,\xe2\x80\x94,Suunto Ambit2,\xe2\x80\x94,0
2791038954,\xe2\x80\x94,Suunto Ambit,637,0
946496577,\xe2\x80\x94,Garmin Forerunner 235,640,0
204133504,Brooks Adrenaline GTS 14\n(274.3 mi),Garmin Forerunner 405,\xe2\x80\x94,0
1512665135,\xe2\x80\x94,Garmin Forerunner 920XT,426,0
411274203,"Newton Gravity\n(1,281.3 mi)",Garmin f\xc4\x93nix,\xe2\x80\x94,0
289834714,\xe2\x80\x94,Garmin Forerunner 920XT,\xe2\x80\x94,0
1525175140,\xe2\x80\x94,Garmin Forerunner 620,\xe2\x80\x94,0
293110767,Salomon S-lab sense 4 ultra sg\n(372.4 mi),Suunto Ambit3 Sport,\xe2\x80\x94,0
1890547561,\xe2\x80\x94,Garmin Forerunner 235,\xe2\x80\x94,0
1513046333,\xe2\x80\x94,Garmin f\xc4\x93nix 5,\xe2\x80\x94,0
1525654664,\xe2\x80\x94,Garmin Forerunner 235,\xe2\x80\x94,0
2840295500,"Nike Pegasus Turbo\n(2,016.6 mi)",Garmin Forerunner 620,\xe2\x80\x94,0
1891080296,adidas Adizero Adios 3 Size 9.5\n(126.3 mi),Garmin Forerunner 235,\xe2\x80\x94,0
1890678151,\xe2\x80\x94,Garmin Forerunner 35,505,0
1263123727,HOKA ONE ONE Clifton 3's\n(725.4 mi),\xe2\x80\x94,\xe2\x80\x94,0
2325717021,\xe2\x80\x94,Garmin Forerunner 920XT,\xe2\x80\x94,0
425475899,Nike Lunaracer+ 3\n(307.6 mi),Garmin Forerunner 220,\xe2\x80\x94,0
1221422214,ASICS Kayano 23\n(998.3 mi),Garmin Forerunner 910XT,\xe2\x80\x94,0
1524732445,Saucony Fastwitch 7\n(350.5 mi),Garmin Forerunner 235,\xe2\x80\x94,0
2748658269,Nike Next% custom FK\n(451.6 mi),Garmin Forerunner 645,\xe2\x80\x94,1
1221595444,"Mizuno Hitogami\n(7,041.8 mi)",Garmin Forerunner 935,269,0
424740442,"HOKA ONE ONE Stinson EVO\n(12,402.7 mi)",Garmin Forerunner 620,\xe2\x80\x94,0
1265917888,\xe2\x80\x94,Polar M400,\xe2\x80\x94,0
949025817,\xe2\x80\x94,Garmin Forerunner 235,571,0
1846254060,\xe2\x80\x94,Garmin Forerunner 220,\xe2\x80\x94,0
214889630,\xe2\x80\x94,Garmin Forerunner 305,\xe2\x80\x94,0
1890686750,\xe2\x80\x94,Garmin f\xc4\x93nix 3,88,0
1512863371,\xe2\x80\x94,Garmin Forerunner 310XT,\xe2\x80\x94,0
549562996,\xe2\x80\x94,Garmin Forerunner 220,\xe2\x80\x94,0
1263003241,\xe2\x80\x94,Garmin Forerunner 235,\xe2\x80\x94,0
1898419948,New Balance 1500\n(140.3 mi),Garmin Forerunner 220,\xe2\x80\x94,0
258259250,\xe2\x80\x94,Garmin Forerunner 410,\xe2\x80\x94,0
2292268207,\xe2\x80\x94,Garmin Forerunner 935,392,0
293256166,ASICS Gel Hyperspeed 6\n(293.9 mi),Garmin Forerunner 10,\xe2\x80\x94,0
739564229,\xe2\x80\x94,Garmin Forerunner 630,\xe2\x80\x94,0
1424575300,"Mizuno Wave Rider 20\n(17,330.0 mi)",Garmin Forerunner 225,502,0
2325277675,adidas adizero Boost (orange)\n(702.2 mi),Garmin f\xc4\x93nix 3,\xe2\x80\x94,0
289483764,Saucony Zealot\n(261.4 mi),GPX,\xe2\x80\x94,0
1890813990,\xe2\x80\x94,Garmin f\xc4\x93nix 3,\xe2\x80\x94,0
2838885041,Saucony Freedom\n(581.7 mi),Garmin Forerunner 630,700,0
2296661965,\xe2\x80\x94,\xe2\x80\x94,\xe2\x80\x94,0
412542655,\xe2\x80\x94,Garmin Forerunner 220,\xe2\x80\x94,0
1512417281,Nike Zoom Vaporfly\n(165.7 mi),Garmin Forerunner 935,223,1
1512461947,Saucony Kinvara 8\n(456.4 mi),Garmin Forerunner 230,\xe2\x80\x94,0
549950880,\xe2\x80\x94,Garmin Forerunner 920XT,\xe2\x80\x94,0
563438277,\xe2\x80\x94,Garmin Forerunner 610,\xe2\x80\x94,0
401301611,"Inov-8 Road x - 255\n(1,296.6 mi)",Garmin Forerunner 220,441,0
1946284495,ASICS Nimbus 20 Yellow\n(639.2 mi),Garmin f\xc4\x93nix 3,\xe2\x80\x94,0
1890538614,\xe2\x80\x94,Garmin Forerunner 235,\xe2\x80\x94,0
549639550,\xe2\x80\x94,Suunto Ambit,\xe2\x80\x94,0
992664430,\xe2\x80\x94,Garmin Forerunner 220,\xe2\x80\x94,0
132870117,Saucony Kinvara #3 black/citron/red\n(360.8 mi),Garmin Forerunner 405,\xe2\x80\x94,0
1263167514,\xe2\x80\x94,Garmin Forerunner 735XT,\xe2\x80\x94,0
555649950,\xe2\x80\x94,Garmin Forerunner 910XT,\xe2\x80\x94,0
1221576190,Saucony Kinvara 8\n(258.7 mi),Garmin f\xc4\x93nix 3,395,0
1890708863,"Nike Pegasus 35\n(5,266.0 mi)",Garmin Forerunner 220,\xe2\x80\x94,0
214775069,"Newton Performance Distance U\n(2,105.5 mi)",Strava iPhone App,\xe2\x80\x94,0
2292123301,\xe2\x80\x94,Garmin Forerunner 230,\xe2\x80\x94,0
1524692877,Nike Epic React Flyknit\n(441.3 mi),Polar M430,396,0
208032759,\xe2\x80\x94,GPX,265,0
2786722709,\xe2\x80\x94,Garmin Forerunner 920XT,\xe2\x80\x94,0
1844943765,Nike VaporFly 4%\n(292.8 mi),Garmin Forerunner 935,248,1
2786855370,adidas Boston 6\n(471.8 mi),Garmin f\xc4\x93nix 3,\xe2\x80\x94,0
206746308,adidas Adios Boost 2\n(714.8 mi),Garmin Forerunner 610,429,0
1524781671,\xe2\x80\x94,Garmin Forerunner 645 Music,579,0
294021449,Saucony Kinvara 5 (Blue)\n(814.7 mi),Garmin f\xc4\x93nix,\xe2\x80\x94,0
1262885344,\xe2\x80\x94,Strava Android App,\xe2\x80\x94,0
215038569,\xe2\x80\x94,Garmin Forerunner 305,\xe2\x80\x94,0
1896760234,\xe2\x80\x94,Garmin Forerunner 235,\xe2\x80\x94,0
1512289713,\xe2\x80\x94,Garmin Forerunner 935,221,0
1424576441,Saucony Fastwitch\n(96.8 mi),Garmin Forerunner 220,\xe2\x80\x94,0
2750896987,\xe2\x80\x94,Garmin Forerunner 935,\xe2\x80\x94,0
1425139471,\xe2\x80\x94,Garmin Forerunner 935,\xe2\x80\x94,0
2325492092,\xe2\x80\x94,Garmin Forerunner 235,\xe2\x80\x94,0
1946391291,\xe2\x80\x94,Garmin Forerunner 225,\xe2\x80\x94,0
2786249929,\xe2\x80\x94,Garmin Forerunner 235,\xe2\x80\x94,0
411004574,ASICS Speed Racer 10\n(270.0 mi),Suunto Ambit3 Peak,431,0
1228898327,\xe2\x80\x94,Garmin Forerunner 230,\xe2\x80\x94,0
555481286,\xe2\x80\x94,Strava iPhone App,\xe2\x80\x94,0
1524865476,\xe2\x80\x94,Garmin Forerunner 235,392,0
1891094948,On Cloudflow\n(303.6 mi),Garmin Forerunner 235,\xe2\x80\x94,0
2326504016,adidas adizero Adios 4 m Black\n(258.9 mi),Garmin f\xc4\x93nix,\xe2\x80\x94,0
1525207941,adidas boost adios\n(75.3 mi),Garmin Forerunner 620,\xe2\x80\x94,0
2786366937,"Nike Vaporfly\n(3,041.1 mi)",Garmin f\xc4\x93nix 5,\xe2\x80\x94,1
1221406399,Mizuno SILVER-TRUE BLUE (735R) WAVE INSPIRE 13\n(904.2 mi),Suunto Ambit3 Peak,\xe2\x80\x94,0
411194857,\xe2\x80\x94,Garmin Forerunner 920XT,\xe2\x80\x94,0
2787082002,\xe2\x80\x94,Garmin Forerunner 235,\xe2\x80\x94,0
879849178,"New Balance M860V4\n(9,463.3 mi)",Garmin Forerunner 735XT,\xe2\x80\x94,0
1845948795,Nike Zoom fly (2)\n(383.8 mi),Garmin f\xc4\x93nix 5S,301,0
2302092626,\xe2\x80\x94,Garmin v\xc3\xadvoactive 3,\xe2\x80\x94,0
1221783129,"New Balance 860 v7\n(4,211.0 mi)",Garmin Forerunner 230,\xe2\x80\x94,0
465246944,\xe2\x80\x94,\xe2\x80\x94,\xe2\x80\x94,0
2786634525,\xe2\x80\x94,Garmin Forerunner 245 Music,\xe2\x80\x94,0
289721518,adidas Tempo 5 (#7 pink)\n(326.2 mi),Garmin Forerunner 910XT,\xe2\x80\x94,0
1946293842,"ASICS Gel Nimbus 19\n(3,058.8 mi)",Suunto Spartan Ultra,\xe2\x80\x94,0
2325379623,\xe2\x80\x94,Garmin Forerunner 935,\xe2\x80\x94,0
551684882,\xe2\x80\x94,Garmin Forerunner 220,\xe2\x80\x94,0
289217652,\xe2\x80\x94,\xe2\x80\x94,\xe2\x80\x94,0
1846229610,\xe2\x80\x94,Garmin f\xc4\x93nix 5X,\xe2\x80\x94,0
415649254,\xe2\x80\x94,Garmin Forerunner 310XT,\xe2\x80\x94,0
1512256280,\xe2\x80\x94,Garmin Forerunner 235,414,0
2748768746,adidas adios\n(173.4 mi),Garmin Forerunner 235,419,0
1525630943,ASICS Gel Kayano 24\n(470.9 mi),Garmin f\xc4\x93nix 3,\xe2\x80\x94,0
1890496843,Saucony Ride ISO (Blue)\n(327.4 mi),Garmin f\xc4\x93nix 3,\xe2\x80\x94,0
549456310,New Balance RC 1400 v3\n(386.8 mi),Garmin Forerunner 620,\xe2\x80\x94,0
1199167983,\xe2\x80\x94,Garmin Forerunner 630,630,0
291084175,\xe2\x80\x94,Garmin Forerunner 910XT,\xe2\x80\x94,0
1512684773,\xe2\x80\x94,Garmin Forerunner 235,\xe2\x80\x94,0
201168028,ASICS nimbis 15\n(463.0 mi),GPX,\xe2\x80\x94,0
2292370616,\xe2\x80\x94,Garmin Forerunner 235,\xe2\x80\x94,0
1524583242,adidas adios (boston LE)\n(501.8 mi),Garmin f\xc4\x93nix 5X,\xe2\x80\x94,0
1844984901,\xe2\x80\x94,Garmin Forerunner 620,\xe2\x80\x94,0
1526290951,\xe2\x80\x94,Garmin v\xc3\xadvoactive HR,\xe2\x80\x94,0
2325562834,Nike VaporFly 4%\n(64.0 mi),Suunto Ambit3 Run,\xe2\x80\x94,1
1372585514,\xe2\x80\x94,\xe2\x80\x94,\xe2\x80\x94,0
1427115583,\xe2\x80\x94,\xe2\x80\x94,\xe2\x80\x94,0
1222341368,\xe2\x80\x94,Garmin Forerunner 910XT,\xe2\x80\x94,0
946562734,\xe2\x80\x94,Garmin f\xc4\x93nix 3,\xe2\x80\x94,0
401311545,\xe2\x80\x94,Strava iPhone App,\xe2\x80\x94,0
1512350733,\xe2\x80\x94,Suunto Ambit3 Peak,\xe2\x80\x94,0
1845209062,\xe2\x80\x94,Garmin Forerunner 935,\xe2\x80\x94,0
425513886,\xe2\x80\x94,Garmin Forerunner 910XT,\xe2\x80\x94,0
351328310,"ASICS Gel Kayano 21\n(1,027.2 mi)",Garmin Forerunner 205,\xe2\x80\x94,0
739560274,"Saucony kinvara 6\n(1,133.6 mi)",Garmin Forerunner 920XT,\xe2\x80\x94,0
549405909,"Saucony Virrata\n(3,208.8 mi)",Strava iPhone App,\xe2\x80\x94,0
1946527676,\xe2\x80\x94,Garmin f\xc4\x93nix 3,\xe2\x80\x94,0
2749518379,Nike Next%\n(220.1 mi),Garmin Forerunner 735XT,248,1
1998875706,\xe2\x80\x94,Garmin Forerunner 910XT,\xe2\x80\x94,0
1524655821,\xe2\x80\x94,\xe2\x80\x94,\xe2\x80\x94,0
881107631,\xe2\x80\x94,Suunto Ambit3 Peak,\xe2\x80\x94,0
1891304041,\xe2\x80\x94,Polar V800,\xe2\x80\x94,0
1516851026,\xe2\x80\x94,Garmin Forerunner 910XT,\xe2\x80\x94,0
1890661442,\xe2\x80\x94,Garmin Forerunner 735XT,\xe2\x80\x94,0
1946212557,\xe2\x80\x94,Garmin Forerunner 235,682,0
293170655,\xe2\x80\x94,Garmin Forerunner 10,\xe2\x80\x94,0
946925971,\xe2\x80\x94,Garmin f\xc4\x93nix 3,\xe2\x80\x94,0
550815122,\xe2\x80\x94,Garmin Forerunner 220,\xe2\x80\x94,0
289682664,\xe2\x80\x94,Garmin f\xc4\x93nix 2,\xe2\x80\x94,0
2325688248,\xe2\x80\x94,Garmin Forerunner 920XT,325,0
425377339,Luna Sandals Mono\n(712.5 mi),Garmin Forerunner 15,\xe2\x80\x94,0
1845218420,\xe2\x80\x94,Garmin Forerunner 235,\xe2\x80\x94,0
558635112,\xe2\x80\x94,Garmin Forerunner 610,\xe2\x80\x94,0
3398767384,\xe2\x80\x94,Garmin Forerunner 620,\xe2\x80\x94,0
1890386953,\xe2\x80\x94,\xe2\x80\x94,\xe2\x80\x94,0
424787886,"adidas adios boost\n(9,631.5 mi)",Garmin Forerunner 225,493,0
549466440,ASICS GT2000v4 Black/Yellow\n(193.6 mi),Garmin Forerunner 235,\xe2\x80\x94,0
1201743946,\xe2\x80\x94,Garmin Forerunner 225,\xe2\x80\x94,0
1221610252,\xe2\x80\x94,Garmin Forerunner 620,\xe2\x80\x94,0
2325711488,Nike Zoom Vaporfly Next%\n(284.1 mi),Garmin f\xc4\x93nix 5,310,1
2292256156,Altra Kayenta\n(522.9 mi),Garmin f\xc4\x93nix 5,374,0
2335709871,\xe2\x80\x94,Garmin Forerunner 235,\xe2\x80\x94,0
2786615458,\xe2\x80\x94,Garmin Forerunner 230,\xe2\x80\x94,0
1424596017,"ASICS DS Racer 9\n(13,737.1 mi)",Garmin Forerunner 630,\xe2\x80\x94,0
411573949,\xe2\x80\x94,Garmin Forerunner 210,\xe2\x80\x94,0
1221328666,ASICS Gel-Hyper Speed 7\n(454.0 mi),TomTom,\xe2\x80\x94,0
426730140,"ASICS 2000 CIM\n(6,266.6 mi)",Garmin Forerunner 910XT,\xe2\x80\x94,0
295584586,\xe2\x80\x94,Garmin Forerunner 10,\xe2\x80\x94,0
424876003,\xe2\x80\x94,Garmin Forerunner 920XT,\xe2\x80\x94,0
1523379671,"Brooks racer st\n(9,936.4 mi)",Garmin f\xc4\x93nix 3,\xe2\x80\x94,0
2292542806,"Brooks addiction\n(4,753.2 mi)",Garmin Forerunner 920XT,\xe2\x80\x94,0
555756905,\xe2\x80\x94,Garmin Forerunner 620,\xe2\x80\x94,0
2206338308,\xe2\x80\x94,\xe2\x80\x94,\xe2\x80\x94,0
1512509648,Nike Vaporfly 4% - red\n(106.5 mi),Garmin Forerunner 235,\xe2\x80\x94,1
1401431700,\xe2\x80\x94,Garmin Forerunner 10,\xe2\x80\x94,0
293007121,Saucony Kinvara #4\n(175.6 mi),Garmin Forerunner 305,\xe2\x80\x94,0
558574793,Saucony Guide 7's\n(902.4 mi),Garmin Forerunner 220,\xe2\x80\x94,0
1220869828,\xe2\x80\x94,Garmin f\xc4\x93nix 2,\xe2\x80\x94,0
549488600,adidas adios boost\n(362.1 mi),Garmin Forerunner 620,460,0
2839032198,Nike Vaporfly Next% Electric Green\n(182.3 mi),Garmin f\xc4\x93nix 3,308,1
2292457483,\xe2\x80\x94,Garmin Forerunner 920XT,\xe2\x80\x94,0
293400739,ASICS Gel Racer 10 (Yellow)\n(311.4 mi),Garmin Forerunner 210,\xe2\x80\x94,0
946676249,ASICS Gel DS Racer\n(293.9 mi),Garmin Forerunner 225,432,0
2301029394,\xe2\x80\x94,Garmin Forerunner 910XT,\xe2\x80\x94,0
2768321525,\xe2\x80\x94,Garmin f\xc4\x93nix 5X,\xe2\x80\x94,0
1263178954,Nike LunarEpic (Green)\n(397.4 mi),Garmin Forerunner 225,\xe2\x80\x94,0
2292454289,\xe2\x80\x94,Garmin Forerunner 645,\xe2\x80\x94,0
2786129734,\xe2\x80\x94,Garmin f\xc4\x93nix 5,228,0
1946485580,\xe2\x80\x94,Garmin f\xc4\x93nix 5X Plus,225,0
2786294161,"Saucony Liberty\n(3,227.5 mi)",Garmin Forerunner 235,361,0
215096066,ASICS Equation 7\n(221.3 mi),Garmin Forerunner 310XT,\xe2\x80\x94,0
946610872,\xe2\x80\x94,Garmin Forerunner 235,\xe2\x80\x94,0
1424670818,\xe2\x80\x94,Garmin f\xc4\x93nix 3,\xe2\x80\x94,0
1845028305,ASICS NOOSA FF 2\n(213.9 mi),Garmin f\xc4\x93nix 5S Plus,\xe2\x80\x94,0
289409978,\xe2\x80\x94,Garmin Forerunner 110,356,0
1890454444,"New Balance Racing 1400 Rev lite\n(3,256.2 mi)",Garmin Forerunner 235,\xe2\x80\x94,0
424868623,\xe2\x80\x94,GPX,\xe2\x80\x94,0
555838553,adidas Adistar Boost\n(813.4 mi),Garmin Forerunner 610,\xe2\x80\x94,0
411145569,Newton Distance IV\n(166.8 mi),Garmin Forerunner 920XT,\xe2\x80\x94,0
200662568,\xe2\x80\x94,Garmin Forerunner 910XT,\xe2\x80\x94,0
412525863,"On #2\n(13,304.2 mi)",Garmin Forerunner 310XT,\xe2\x80\x94,0
1448056877,\xe2\x80\x94,Garmin Forerunner 235,391,0
1845355662,\xe2\x80\x94,Garmin f\xc4\x93nix 3,\xe2\x80\x94,0
2292159323,"adidas Ultra's purple\n(5,279.9 mi)",Garmin Forerunner 735XT,\xe2\x80\x94,0
1890597044,"New Balance 1500v2\n(4,189.4 mi)",Garmin Forerunner 645,\xe2\x80\x94,0
1221560924,Altra Esclante (Chicago)\n(79.7 mi),Garmin v\xc3\xadvoactive HR,\xe2\x80\x94,0
549570963,Nike Lunaracer+ 3\n(201.0 mi),Garmin Forerunner 220,\xe2\x80\x94,0
2838981309,Saucony Kinvara 9 White\n(525.7 mi),Garmin Forerunner 645,\xe2\x80\x94,0
408658146,\xe2\x80\x94,Garmin Forerunner 620,\xe2\x80\x94,0
555289765,On Clouds  (Orange)\n(909.0 mi),Garmin Forerunner 620,\xe2\x80\x94,0
1946216073,\xe2\x80\x94,Garmin Forerunner 235,\xe2\x80\x94,0
1946206723,\xe2\x80\x94,Garmin f\xc4\x93nix 3,\xe2\x80\x94,0
289289139,"ASICS Kayano\n(2,002.2 mi)",Garmin Forerunner 920XT,242,0
2838988987,Nike zoom flyknit red\n(192.9 mi),Garmin Forerunner 245 Music,\xe2\x80\x94,0
183980111,"Saucony Ride 6\n(2,505.8 mi)",Garmin Forerunner 210,\xe2\x80\x94,0
411911105,adidas Adios Boost 2\n(331.9 mi),Garmin Forerunner 410,\xe2\x80\x94,0
747048918,\xe2\x80\x94,Garmin Forerunner 220,\xe2\x80\x94,0
401311595,Nike LunarGlider 6\n(382.5 mi),\xe2\x80\x94,500,0
206593567,\xe2\x80\x94,Strava iPhone App,\xe2\x80\x94,0
1890572772,\xe2\x80\x94,Garmin f\xc4\x93nix 5X,\xe2\x80\x94,0
1221321901,\xe2\x80\x94,Garmin Forerunner 920XT,\xe2\x80\x94,0
293239265,"Saucony Virrata\n(14,109.6 mi)",Garmin f\xc4\x93nix 3,\xe2\x80\x94,0
1891211332,Nike VaporFly 4%\n(227.0 mi),Garmin Forerunner 235,\xe2\x80\x94,1
2748814753,Nike Next%\n(496.0 mi),Garmin Forerunner 935,460,1
2786014175,\xe2\x80\x94,Garmin Forerunner 935,\xe2\x80\x94,0
412613896,\xe2\x80\x94,Garmin Forerunner 225,\xe2\x80\x94,0
740020494,\xe2\x80\x94,Garmin Forerunner 220,\xe2\x80\x94,0
946637383,\xe2\x80\x94,Garmin f\xc4\x93nix 3,389,0
2786740156,Nike Pegasus 35 Turbo\n(415.7 mi),Suunto Ambit2,\xe2\x80\x94,0
946489134,Saucony kinvara 7\n(375.7 mi),Garmin Forerunner 230,\xe2\x80\x94,0
147137021,Newton MV3 (Yellow)\n(174.9 mi),Garmin Forerunner 610,\xe2\x80\x94,0
1845218899,\xe2\x80\x94,Garmin Forerunner 645,\xe2\x80\x94,0
1844981118,\xe2\x80\x94,Garmin Forerunner 645 Music,516,0
1271223013,ASICS TRAINER 22 Red/Yellow\n(262.3 mi),Garmin Forerunner 910XT,\xe2\x80\x94,0
1512445472,"adidas Adios Orange, BLACK Lace\n(273.6 mi)",Garmin Forerunner 920XT,\xe2\x80\x94,0
1845316300,\xe2\x80\x94,Garmin Forerunner 220,\xe2\x80\x94,0
1946413260,\xe2\x80\x94,\xe2\x80\x94,\xe2\x80\x94,0
2786544428,Nike VaporFly Next-%\n(69.9 mi),Garmin f\xc4\x93nix 5S,\xe2\x80\x94,1
2786244501,\xe2\x80\x94,Garmin Forerunner 45,238,0
561228049,\xe2\x80\x94,Garmin Forerunner 920XT,\xe2\x80\x94,0
215208984,Saucony Kinvara 4 (Org/Blk/Ctn)\n(306.5 mi),Garmin Forerunner 620,\xe2\x80\x94,0
2839147266,\xe2\x80\x94,Garmin Forerunner 630,367,0
132867662,Brooks GTS12 - #4\n(427.7 mi),Garmin Forerunner 610,\xe2\x80\x94,0
2292528960,"adidas Energy Boost 4 Royal Blue\n(5,732.9 mi)",Garmin Forerunner 235,\xe2\x80\x94,0
555257983,"adidas BOSTON BOOST\n(3,052.0 mi)",Garmin Forerunner 630,\xe2\x80\x94,0
879857400,\xe2\x80\x94,Garmin f\xc4\x93nix 3,523,0
2786252087,"ASICS Gel Nimbus 19\n(4,654.2 mi)",Garmin Forerunner 645 Music,\xe2\x80\x94,0
1896041067,\xe2\x80\x94,Garmin Forerunner 235,601,0
1512274942,adidas adios boost 3\n(457.1 mi),Garmin Forerunner 235,\xe2\x80\x94,0
1426966914,\xe2\x80\x94,Garmin Forerunner 935,\xe2\x80\x94,0
2750417537,\xe2\x80\x94,Suunto Spartan Ultra,\xe2\x80\x94,0
401225230,Saucony Mirage\n(745.6 mi),Garmin Forerunner 610,544,0
555256736,\xe2\x80\x94,Garmin Forerunner 620,\xe2\x80\x94,0
135259442,\xe2\x80\x94,Garmin Forerunner 410,\xe2\x80\x94,0
1199455966,\xe2\x80\x94,Garmin Forerunner 935,\xe2\x80\x94,0
1512442207,HOKA ONE ONE Clifton 4 Blue Feb '18\n(283.9 mi),Suunto,\xe2\x80\x94,0
549508746,\xe2\x80\x94,Suunto Ambit3 Sport,\xe2\x80\x94,0
254925445,\xe2\x80\x94,Garmin Forerunner 305,\xe2\x80\x94,0
215292891,\xe2\x80\x94,\xe2\x80\x94,183,0
1263057023,"Nike Pegasus\n(2,903.8 mi)",Garmin Forerunner 225,\xe2\x80\x94,0
1199334104,"New Balance shoes\n(1,636.7 mi)",Garmin Forerunner 735XT,266,0
1424561005,Nike Vaporfly 4% 2017\n(112.8 mi),Garmin f\xc4\x93nix 3,256,1
555422904,\xe2\x80\x94,Garmin f\xc4\x93nix 2,\xe2\x80\x94,0
2325422851,"Brooks Asteria\n(3,333.8 mi)",Garmin Forerunner 235,\xe2\x80\x94,0
1890545575,\xe2\x80\x94,Garmin Forerunner 235,521,0
556472780,\xe2\x80\x94,Garmin Forerunner 610,\xe2\x80\x94,0
2292178913,\xe2\x80\x94,Garmin Forerunner 645 Music,580,0
1521336810,\xe2\x80\x94,Garmin Forerunner 920XT,\xe2\x80\x94,0
739700526,\xe2\x80\x94,Garmin Forerunner 220,\xe2\x80\x94,0
1518845884,\xe2\x80\x94,Polar M400,\xe2\x80\x94,0
1512522694,"Nike Zoom Fly\n(1,612.8 mi)",Garmin Forerunner 230,\xe2\x80\x94,0
1221284409,\xe2\x80\x94,Garmin f\xc4\x93nix 5S,392,0
1845102137,\xe2\x80\x94,\xe2\x80\x94,\xe2\x80\x94,0
133490429,HOKA ONE ONE\n(283.3 mi),Garmin Forerunner 910XT,\xe2\x80\x94,0
2787343758,\xe2\x80\x94,Garmin Forerunner 620,\xe2\x80\x94,0
1512622909,"New Balance 1400v2\n(16,290.6 mi)",Garmin Forerunner 225,320,0
1226124439,\xe2\x80\x94,Garmin v\xc3\xadvoactive HR,416,0
260309571,\xe2\x80\x94,\xe2\x80\x94,\xe2\x80\x94,0
289406947,\xe2\x80\x94,Garmin Forerunner 620,\xe2\x80\x94,0
1946188329,Nike 4%\n(422.1 mi),Garmin Forerunner 935,242,1
424705788,adidas adios2\n(787.4 mi),Garmin f\xc4\x93nix 3,254,0
1202952541,\xe2\x80\x94,Polar V800,\xe2\x80\x94,0
1199141259,\xe2\x80\x94,Garmin Forerunner 610,\xe2\x80\x94,0
1424605441,\xe2\x80\x94,Garmin f\xc4\x93nix 5X,\xe2\x80\x94,0
2838908324,New Balance Fuel Cell Rebel\n(225.7 mi),Garmin Forerunner 645 Music,354,0
2749229434,\xe2\x80\x94,\xe2\x80\x94,\xe2\x80\x94,0
625007504,"Saucony\n(1,505.7 mi)",Garmin Forerunner 620,\xe2\x80\x94,0
1890407853,New Balance 860V8 Black/Green\n(289.1 mi),Garmin Forerunner 630,\xe2\x80\x94,0
207105175,HOKA ONE ONE Clifton\n(140.9 mi),Garmin Forerunner 610,\xe2\x80\x94,0
3357956217,\xe2\x80\x94,Garmin Forerunner 630,\xe2\x80\x94,0
1512697655,Saucony Freedom ISO\n(697.9 mi),Garmin Forerunner 405,\xe2\x80\x94,0
1223856389,\xe2\x80\x94,Garmin Forerunner 220,\xe2\x80\x94,0
696646457,"ASICS Nimbus 17s\n(3,645.9 mi)",Garmin Forerunner 310XT,\xe2\x80\x94,0
879884137,\xe2\x80\x94,Garmin Forerunner 220,\xe2\x80\x94,0
424662666,\xe2\x80\x94,Garmin Forerunner 220,\xe2\x80\x94,0
1512644655,"On Cloud\n(1,192.9 mi)",Garmin f\xc4\x93nix 3,437,0
1263085497,\xe2\x80\x94,Garmin f\xc4\x93nix 3,\xe2\x80\x94,0
402422192,Saucony Ride 7\n(464.9 mi),Garmin Forerunner 610,\xe2\x80\x94,0
293058039,\xe2\x80\x94,\xe2\x80\x94,\xe2\x80\x94,0
1199367185,\xe2\x80\x94,Garmin Forerunner 230,\xe2\x80\x94,0
1524486846,\xe2\x80\x94,Garmin Forerunner 630,\xe2\x80\x94,0
2292684639,Nike Vaporfly #2\n(194.5 mi),Garmin Forerunner 235,341,1
217724898,Nike Pegasus 30 Blue\n(276.5 mi),Garmin Forerunner 610,\xe2\x80\x94,0
2748748961,\xe2\x80\x94,Garmin f\xc4\x93nix 3,364,0
1221236633,\xe2\x80\x94,Garmin Forerunner 735XT,\xe2\x80\x94,0
2839250379,"Nike Lunar Glide +4\n(7,351.5 mi)",Garmin Forerunner 220,\xe2\x80\x94,0
879853742,\xe2\x80\x94,Garmin Forerunner 920XT,\xe2\x80\x94,0
2292577935,Nike Vaporfly 4% - Flyknit Blue\n(92.4 mi),Garmin Forerunner 225,279,1
1845532906,Merrell Trail glove 4\n(947.2 mi),Fitbit Ionic,\xe2\x80\x94,0
1221455049,\xe2\x80\x94,Garmin Forerunner 235,568,0
2292597797,\xe2\x80\x94,\xe2\x80\x94,\xe2\x80\x94,0
1946395686,\xe2\x80\x94,Garmin Forerunner 735XT,154,0
215125478,HOKA ONE ONE Conquest\n(297.7 mi),Garmin Forerunner 210,\xe2\x80\x94,0
2786362234,"ASICS Kayno 22 Gel\n(7,788.7 mi)",Garmin f\xc4\x93nix 5,\xe2\x80\x94,0
214894868,Brooks Ghost\n(258.2 mi),Garmin Forerunner 210,\xe2\x80\x94,0
1896917890,\xe2\x80\x94,Garmin Forerunner 310XT,\xe2\x80\x94,0
2298272264,Saucony Freedom\n(396.3 mi),Garmin Forerunner 220,\xe2\x80\x94,0
2292607610,\xe2\x80\x94,Suunto Trainer Wrist HR,\xe2\x80\x94,0
412381584,\xe2\x80\x94,Soleus GPS,\xe2\x80\x94,0
2326623830,\xe2\x80\x94,Garmin Forerunner 235,\xe2\x80\x94,0
1512548302,Nike Vaporfly\n(82.3 mi),Garmin Forerunner 630,\xe2\x80\x94,1
1524803553,\xe2\x80\x94,Garmin f\xc4\x93nix 3,\xe2\x80\x94,0
2292099871,\xe2\x80\x94,Garmin Forerunner 920XT,\xe2\x80\x94,0
1525169959,"Saucony Freedom ISO\n(4,995.8 mi)",Polar M430,\xe2\x80\x94,0
1846247163,\xe2\x80\x94,Garmin Forerunner 230,\xe2\x80\x94,0
2325379029,Saucony Freedom ISO\n(501.3 mi),Garmin Forerunner 735XT,753,0
946552215,Nike Zoom Streak 6 (White)\n(343.7 mi),Polar M400,\xe2\x80\x94,0
743417409,Mizuno Runner19\n(363.7 mi),Suunto,704,0
1966158001,\xe2\x80\x94,\xe2\x80\x94,713,0
168056709,ASICS GT 2000 Black/Lime\n(37.8 mi),Garmin Forerunner 310XT,1041,0
1844996208,"Brooks Ghost\n(5,997.5 mi)",Garmin Forerunner 235,380,0
2786444356,Nike Next%\n(113.9 mi),Garmin f\xc4\x93nix 5X Plus,\xe2\x80\x94,1
2325305802,\xe2\x80\x94,Garmin Forerunner 935,330,0
1946327621,\xe2\x80\x94,Garmin f\xc4\x93nix 5S,\xe2\x80\x94,0
2838943348,\xe2\x80\x94,Garmin Forerunner 235,\xe2\x80\x94,0
739700434,\xe2\x80\x94,Garmin f\xc4\x93nix 3,\xe2\x80\x94,0
1524473209,"ASICS GEL-NIMBUS 20\n(5,611.4 mi)",Garmin Forerunner 735XT,360,0
1424552907,"Nike Nike zoom elite 9\n(2,302.1 mi)",Garmin Forerunner 630,\xe2\x80\x94,0
290365955,Brooks\n(581.7 mi),Garmin Forerunner 405,\xe2\x80\x94,0
1199149149,"Brooks Glycerin\n(6,080.6 mi)",TomTom,\xe2\x80\x94,0
2325327530,Nike Air Zoom Pegasus 33\n(642.6 mi),Garmin Forerunner 920XT,321,0
739576771,"Nike Free RN Motion Flyknit, #8\n(890.6 mi)",Strava iPhone App,\xe2\x80\x94,0
739761491,\xe2\x80\x94,Garmin Forerunner 735XT,\xe2\x80\x94,0
2838793103,Nike Vaporfly Next%\n(26.3 mi),Garmin Forerunner 935,273,1
1946382148,"On Top of the World\n(5,462.4 mi)",Garmin Forerunner 735XT,308,0
1221421273,\xe2\x80\x94,Garmin Forerunner 220,\xe2\x80\x94,0
1512417546,Nike Zoom Vapor Fly 4%\n(377.4 mi),Garmin Forerunner 10,\xe2\x80\x94,1
1424554634,On Cloud\n(440.9 mi),Garmin f\xc4\x93nix 3,\xe2\x80\x94,0
947276339,\xe2\x80\x94,Garmin Forerunner 220,\xe2\x80\x94,0
2292411388,Mizuno Wave Shadow\n(312.3 mi),Garmin Forerunner 230,\xe2\x80\x94,0
770163381,"ASICS Nimbus L-Grey/ R-Red\n(5,594.8 mi)",\xe2\x80\x94,\xe2\x80\x94,0
549405633,New Balance 1400v3 (blue)\n(149.5 mi),Garmin Forerunner 620,\xe2\x80\x94,0
292448755,361 Dummy shoes\n(821.0 mi),Garmin Forerunner 910XT,\xe2\x80\x94,0
1524629804,"New Balance 870v3\n(12,138.7 mi)",Garmin Forerunner 920XT,\xe2\x80\x94,0
1844913488,\xe2\x80\x94,Garmin Forerunner 630,\xe2\x80\x94,0
2325701935,Nike Zoom Fly Flyknit\n(273.3 mi),Garmin f\xc4\x93nix 3,\xe2\x80\x94,0
201108951,"Nike Pegasus 30\n(1,035.2 mi)",\xe2\x80\x94,\xe2\x80\x94,0
2748713375,Nike Vapourfly Next%\n(114.9 mi),Garmin f\xc4\x93nix 3,537,1
2839233323,Nike Vaporfly Next%\n(335.7 mi),\xe2\x80\x94,337,1
1424565186,\xe2\x80\x94,Garmin Forerunner 235,521,0
1199178844,\xe2\x80\x94,Garmin Forerunner 735XT,595,0
805966632,\xe2\x80\x94,\xe2\x80\x94,\xe2\x80\x94,0
293233108,adidas adios boost blue\n(224.4 mi),Garmin Forerunner 610,\xe2\x80\x94,0
2838889667,"Under Armour Road Proto\n(7,872.7 mi)",Suunto 9,\xe2\x80\x94,0
1890640804,\xe2\x80\x94,Polar M430,544,0
1235636619,\xe2\x80\x94,Garmin Forerunner 230,\xe2\x80\x94,0
1512307159,\xe2\x80\x94,Strava iPhone App,\xe2\x80\x94,0
289464166,Mizuno Wave Hitogami Black/Electric Pink\n(266.5 mi),Garmin Forerunner 620,\xe2\x80\x94,0
1263143694,\xe2\x80\x94,Garmin Forerunner 630,\xe2\x80\x94,0
2786545746,\xe2\x80\x94,Suunto Spartan Sport Wrist HR,\xe2\x80\x94,0
2292078035,Nike VaporFly 4%\n(428.7 mi),Garmin Forerunner 935,322,1
2325950455,"New Balance 860v7 Sky Blue\n(3,597.0 mi)",Garmin f\xc4\x93nix 5 Plus,390,0
1199174408,\xe2\x80\x94,Garmin Forerunner 235,\xe2\x80\x94,0
555674922,"Salomon\n(7,423.1 mi)",Garmin Forerunner 920XT,\xe2\x80\x94,0
555780754,\xe2\x80\x94,Garmin Forerunner 610,\xe2\x80\x94,0
1199345201,\xe2\x80\x94,Garmin f\xc4\x93nix 3,\xe2\x80\x94,0
739695418,\xe2\x80\x94,Garmin Forerunner 920XT,\xe2\x80\x94,0
1845251946,Nike VaporFly 4%\n(124.1 mi),Garmin Forerunner 230,\xe2\x80\x94,1
1199132687,\xe2\x80\x94,Garmin f\xc4\x93nix 5,\xe2\x80\x94,0
549401013,\xe2\x80\x94,Garmin Forerunner 620,\xe2\x80\x94,0
1845009983,adidas Adizero Adios 3 M\n(258.4 mi),Garmin Forerunner 220,\xe2\x80\x94,0
945696939,\xe2\x80\x94,Garmin Forerunner 620,\xe2\x80\x94,0
1093750807,\xe2\x80\x94,Garmin Forerunner 610,\xe2\x80\x94,0
424736885,\xe2\x80\x94,Garmin Forerunner 620,1047,0
2325542874,Nike 4\xe2\x80\xb0\n(598.7 mi),Garmin v\xc3\xadvoactive 3 Music,\xe2\x80\x94,0
2292296952,Nike Zoom Fly - Red\n(283.2 mi),\xe2\x80\x94,492,0
2838949164,\xe2\x80\x94,\xe2\x80\x94,\xe2\x80\x94,0
556099578,\xe2\x80\x94,Garmin Forerunner 910XT,\xe2\x80\x94,0
1221358995,Nike VaporFly 4%\n(167.2 mi),Garmin Forerunner 935,424,1
1890813336,Altra Paradigm 2.0\n(415.9 mi),Garmin f\xc4\x93nix 3,\xe2\x80\x94,0
1946215501,\xe2\x80\x94,Garmin f\xc4\x93nix 5X,\xe2\x80\x94,0
1845424140,\xe2\x80\x94,\xe2\x80\x94,\xe2\x80\x94,0
2748741731,\xe2\x80\x94,Garmin f\xc4\x93nix 5S Plus,7553,0
1199158983,\xe2\x80\x94,Garmin Forerunner 935,\xe2\x80\x94,0
2325320372,\xe2\x80\x94,Garmin Forerunner 235,\xe2\x80\x94,0
200816549,\xe2\x80\x94,Garmin Forerunner 610,\xe2\x80\x94,0
2943995289,\xe2\x80\x94,\xe2\x80\x94,\xe2\x80\x94,0
2292606947,\xe2\x80\x94,Garmin Forerunner 920XT,\xe2\x80\x94,0
1948552645,\xe2\x80\x94,Garmin Forerunner 220,\xe2\x80\x94,0
293799243,adidas Boston Boost (www.profeet.co.uk)\n(585.6 mi),Suunto Ambit3 Peak,\xe2\x80\x94,0
4518028809,\xe2\x80\x94,\xe2\x80\x94,\xe2\x80\x94,0
2838971585,\xe2\x80\x94,Garmin Forerunner 735XT,\xe2\x80\x94,0
1262931262,Nike Zoom Streak 6\n(290.3 mi),Garmin Forerunner 235,504,0
133343420,New Balance 1400\n(182.7 mi),Garmin Forerunner 620,\xe2\x80\x94,0
2326837916,\xe2\x80\x94,Garmin Forerunner 735XT,\xe2\x80\x94,0
424650595,Mizuno Hitogami (pink)\n(244.5 mi),Garmin Forerunner 620,\xe2\x80\x94,0
424682634,\xe2\x80\x94,Garmin Forerunner 920XT,\xe2\x80\x94,0
946771789,New Balance New Balance 1500V2-marathon\n(316.8 mi),Garmin Forerunner 220,\xe2\x80\x94,0
1890644274,Brooks Ravenna\n(557.3 mi),Garmin Forerunner 235,557,0
555271143,adidas Adios boost 3 blue\n(278.9 mi),Garmin Forerunner 620,\xe2\x80\x94,0
946900304,\xe2\x80\x94,\xe2\x80\x94,\xe2\x80\x94,0
1845898334,\xe2\x80\x94,Garmin f\xc4\x93nix 3,\xe2\x80\x94,0
555273744,"Nike Pegasus 31\n(14,842.1 mi)",Garmin f\xc4\x93nix 3,\xe2\x80\x94,0
289384819,\xe2\x80\x94,\xe2\x80\x94,429,0
1262920816,\xe2\x80\x94,Garmin f\xc4\x93nix 3,\xe2\x80\x94,0
200533948,Nike Flyknit Lunar 2 (Black)\n(290.6 mi),Garmin Forerunner 620,359,0
2325323609,adidas Boost 19\n(611.9 mi),Garmin Forerunner 935,\xe2\x80\x94,0
411003524,\xe2\x80\x94,\xe2\x80\x94,\xe2\x80\x94,0
1845118061,Nike Zoom Fly\n(197.1 mi),Garmin Forerunner 645 Music,354,0
1512291977,\xe2\x80\x94,Garmin Forerunner 920XT,\xe2\x80\x94,0
3885351212,\xe2\x80\x94,\xe2\x80\x94,\xe2\x80\x94,0
1512905578,Saucony Freedom ISO (Green)\n(473.8 mi),Garmin Forerunner 15,\xe2\x80\x94,0
592875976,Mizuno Wave Catalyst\n(172.5 mi),Garmin Forerunner 920XT,\xe2\x80\x94,0
425109702,"adidas boost\n(3,223.0 mi)",Garmin Forerunner 220,\xe2\x80\x94,0
2839353787,Nike Next%\n(188.6 mi),Garmin Forerunner 645,\xe2\x80\x94,1
1524630149,"ASICS Other / Null\n(1,134.3 mi)",Garmin Forerunner 220,\xe2\x80\x94,0
739513373,\xe2\x80\x94,Garmin Forerunner 920XT,\xe2\x80\x94,0
424650576,\xe2\x80\x94,Garmin Forerunner 620,\xe2\x80\x94,0
2292258382,Nike vapor fly 4%\n(244.2 mi),Garmin Forerunner 230,\xe2\x80\x94,1
2787080397,\xe2\x80\x94,Garmin Forerunner 230,\xe2\x80\x94,0
2839234444,Nike Next Percent Green\n(98.2 mi),Garmin Forerunner 945,\xe2\x80\x94,1
549386022,Nike Lunaracer3\n(236.2 mi),Garmin Forerunner 920XT,\xe2\x80\x94,0
424858577,Nike Zoom Elite 8\n(317.1 mi),GPX,\xe2\x80\x94,0
2786180560,Nike VaporFly 4%\n(121.3 mi),Garmin Forerunner 945,456,1
411034159,\xe2\x80\x94,Strava iPhone App,\xe2\x80\x94,0
1263333525,\xe2\x80\x94,Garmin Forerunner 620,375,0
1213635367,\xe2\x80\x94,Garmin Forerunner 935,\xe2\x80\x94,0
218821058,\xe2\x80\x94,\xe2\x80\x94,\xe2\x80\x94,0
1204979312,\xe2\x80\x94,Garmin Forerunner 35,\xe2\x80\x94,0
2839195013,Nike Next%\n(30.0 mi),Garmin Forerunner 735XT,482,1
1524924456,\xe2\x80\x94,Garmin Forerunner 920XT,\xe2\x80\x94,0
306266295,Brooks PureConnect\n(270.2 mi),Garmin Forerunner 610,\xe2\x80\x94,0
401228455,adidas Adios Boost 2\n(501.2 mi),Garmin Forerunner 220,\xe2\x80\x94,0
1526365823,\xe2\x80\x94,Garmin Forerunner 220,\xe2\x80\x94,0
1946555965,"ASICS Noosa tri 11\n(1,440.9 mi)",Garmin Forerunner 920XT,\xe2\x80\x94,0
549483620,\xe2\x80\x94,Garmin Forerunner 920XT,\xe2\x80\x94,0
1524571587,\xe2\x80\x94,Garmin Forerunner 230,\xe2\x80\x94,0
688582992,ASICS Kayano 21\n(262.2 mi),Garmin Forerunner 410,\xe2\x80\x94,0
739905824,Nike Air Zoom Pegasus 33 Black 'n' White\n(479.1 mi),Garmin f\xc4\x93nix 3,\xe2\x80\x94,0
1221677779,\xe2\x80\x94,Garmin Forerunner 225,\xe2\x80\x94,0
955508960,\xe2\x80\x94,Garmin Forerunner 230,\xe2\x80\x94,0
424684680,Nike The SHOES V2\n(104.2 mi),Garmin Forerunner 620,300,0
413499831,Brooks Launch\n(658.1 mi),Garmin Forerunner 210,\xe2\x80\x94,0
1199198023,New Balance 1500v2\n(281.2 mi),Garmin f\xc4\x93nix 3,\xe2\x80\x94,0
1512658986,Nike Zoom Fly\n(465.9 mi),Garmin Forerunner 235,\xe2\x80\x94,0
2292250836,Nike Zoom Pegasus 35 Turbo (Blue and White)\n(500.3 mi),Garmin Forerunner 230,\xe2\x80\x94,0
1147547668,"Nike Lunarglide 6\n(1,116.9 mi)",\xe2\x80\x94,\xe2\x80\x94,0
2838979811,Nike ZoomX Vaporfly Next%\n(500.5 mi),Garmin Forerunner 245,\xe2\x80\x94,1
454908596,\xe2\x80\x94,GPX,\xe2\x80\x94,0
2292125049,\xe2\x80\x94,Garmin f\xc4\x93nix 5X,\xe2\x80\x94,0
2038791502,\xe2\x80\x94,Garmin Forerunner 610,\xe2\x80\x94,0
739735414,\xe2\x80\x94,Garmin Forerunner 225,\xe2\x80\x94,0
2839085431,\xe2\x80\x94,Garmin Forerunner 645,\xe2\x80\x94,0
1512501895,Saucony Kinvara 7 (Blue/Green)-pr1\n(314.9 mi),Garmin Forerunner 630,\xe2\x80\x94,0
1200208744,\xe2\x80\x94,Garmin Forerunner 235,\xe2\x80\x94,0
1263295530,\xe2\x80\x94,Garmin f\xc4\x93nix 3,\xe2\x80\x94,0
2292160026,\xe2\x80\x94,\xe2\x80\x94,\xe2\x80\x94,0
572268642,\xe2\x80\x94,Garmin Forerunner 230,\xe2\x80\x94,0
1237438750,\xe2\x80\x94,Garmin Forerunner 110,\xe2\x80\x94,0
2325264631,\xe2\x80\x94,Garmin f\xc4\x93nix 3,\xe2\x80\x94,0
401162484,\xe2\x80\x94,Strava iPhone App,\xe2\x80\x94,0
270513057,\xe2\x80\x94,Garmin Forerunner 405,\xe2\x80\x94,0
1199019120,ASICS Gel-Cumulus 18\n(686.6 mi),Garmin Forerunner 235,404,0
2325485702,\xe2\x80\x94,Garmin Forerunner 935,\xe2\x80\x94,0
1524698389,"adidas ULTRA BOOST laranja\n(7,370.7 mi)",Garmin f\xc4\x93nix 3,\xe2\x80\x94,0
202231960,\xe2\x80\x94,Garmin Forerunner 610,\xe2\x80\x94,0
132952700,\xe2\x80\x94,Garmin Forerunner 210,\xe2\x80\x94,0
555464685,\xe2\x80\x94,Garmin Forerunner 310XT,250,0
2839187437,\xe2\x80\x94,Garmin f\xc4\x93nix 5S Plus,\xe2\x80\x94,0
549707764,adidas adizero adios boost 2\n(191.2 mi),Garmin Forerunner 630,\xe2\x80\x94,0
1946394191,\xe2\x80\x94,Garmin Forerunner 935,\xe2\x80\x94,0
1845444632,"Saucony Fastwitch 8\n(1,292.6 mi)",Garmin Forerunner 735XT,438,0
555435933,\xe2\x80\x94,Garmin Forerunner 920XT,451,0
132729385,Skechers GO Run Speed\n(257.5 mi),Garmin Forerunner 610,\xe2\x80\x94,0
1221377143,adidas Adios Boost grey\n(370.0 mi),Suunto Ambit3 Sport,\xe2\x80\x94,0
206953803,Nike Structure\n(424.8 mi),\xe2\x80\x94,\xe2\x80\x94,0
2996138475,\xe2\x80\x94,Garmin Forerunner 230,\xe2\x80\x94,0
1890494628,\xe2\x80\x94,Garmin Forerunner 235,\xe2\x80\x94,0
2292201442,\xe2\x80\x94,Garmin Forerunner 35,494,0
401190599,\xe2\x80\x94,Garmin f\xc4\x93nix 3,445,0
1263001635,\xe2\x80\x94,\xe2\x80\x94,\xe2\x80\x94,0
1890661699,\xe2\x80\x94,Garmin Forerunner 620,\xe2\x80\x94,0
2292225391,Nike 4% (v2 // Red)\n(110.7 mi),Garmin Forerunner 235,\xe2\x80\x94,1
293626626,\xe2\x80\x94,Garmin Forerunner 110,\xe2\x80\x94,0
1263724891,Brooks Ghost\n(633.0 mi),Garmin Forerunner 235,\xe2\x80\x94,0
2748976060,\xe2\x80\x94,Garmin Forerunner 235,\xe2\x80\x94,0
401289749,adidas adizero adios\n(261.2 mi),TomTom,71,0
2749143548,\xe2\x80\x94,Garmin Forerunner 235,\xe2\x80\x94,0
2748714118,\xe2\x80\x94,Apple Watch Series 4,\xe2\x80\x94,0
1890653595,"Brooks Launch\n(3,985.1 mi)",Garmin Forerunner 920XT,\xe2\x80\x94,0
508450594,\xe2\x80\x94,GPX,\xe2\x80\x94,0
1513087280,\xe2\x80\x94,Garmin Forerunner 735XT,\xe2\x80\x94,0
402283873,Brooks Glycerin 11\n(488.9 mi),Garmin Forerunner 610,\xe2\x80\x94,0
1845485328,\xe2\x80\x94,Garmin Forerunner 935,405,0
1563740602,\xe2\x80\x94,\xe2\x80\x94,\xe2\x80\x94,0
425441951,\xe2\x80\x94,Garmin Forerunner 220,\xe2\x80\x94,0
1200146382,ASICS Gel-DS Racer 11\n(510.1 mi),Garmin f\xc4\x93nix 3,268,0
1890290940,\xe2\x80\x94,Garmin Forerunner 630,\xe2\x80\x94,0
1890515656,Nike Zoom Fly (Triple Black)\n(109.2 mi),TomTom,330,0
1890649856,\xe2\x80\x94,\xe2\x80\x94,\xe2\x80\x94,0
1524573305,"HOKA ONE ONE Arahi\n(5,966.8 mi)",Garmin f\xc4\x93nix 5,533,0
401139766,ASICS DS Trainer 19\n(503.6 mi),Garmin Forerunner 920XT,\xe2\x80\x94,0
2786247521,New Balance 1500v5\n(450.2 mi),Garmin f\xc4\x93nix 5,\xe2\x80\x94,0
217424325,\xe2\x80\x94,Garmin Forerunner 910XT,\xe2\x80\x94,0
1262988476,\xe2\x80\x94,Garmin Forerunner 220,\xe2\x80\x94,0
1947933156,\xe2\x80\x94,Suunto Ambit2,\xe2\x80\x94,0
1221277857,adidas Energy Boost 3\n(376.1 mi),Garmin Forerunner 235,\xe2\x80\x94,0
1524543903,\xe2\x80\x94,Garmin f\xc4\x93nix 5S,\xe2\x80\x94,0
1845119065,\xe2\x80\x94,Garmin Forerunner 735XT,\xe2\x80\x94,0
2748998102,Nike Vaporfly Next%\n(119.7 mi),Suunto Spartan Sport,\xe2\x80\x94,1
132844495,adidas Boost 2\n(323.3 mi),Garmin Forerunner 910XT,248,0
1900068111,"Saucony Kinvara\n(7,311.6 mi)",Garmin Forerunner 935,\xe2\x80\x94,0
289343159,Brooks Ghost\n(336.3 mi),Garmin f\xc4\x93nix 3,222,0
1223171586,\xe2\x80\x94,Garmin Forerunner 235,\xe2\x80\x94,0
1845394973,\xe2\x80\x94,Polar V800,\xe2\x80\x94,0
1512692890,"No name None\n(13,699.6 mi)",Garmin Forerunner 920XT,\xe2\x80\x94,0
946660744,Nike Air zoom streak\n(177.8 mi),Garmin f\xc4\x93nix 3,\xe2\x80\x94,0
411008492,\xe2\x80\x94,Strava iPhone App,\xe2\x80\x94,0
2839347884,Nike ZoomX Vaporfly Next%\n(66.9 mi),Garmin Forerunner 935,548,1
555482386,Saucony Mirage 5\n(475.5 mi),Garmin Forerunner 920XT,\xe2\x80\x94,0
292941470,\xe2\x80\x94,Garmin Forerunner 620,\xe2\x80\x94,0
293399940,ASICS\n(846.0 mi),Garmin Forerunner 305,\xe2\x80\x94,0
410960408,\xe2\x80\x94,Strava iPhone App,\xe2\x80\x94,0
1512401140,Nike VaporFly 4%\n(502.2 mi),Garmin f\xc4\x93nix 5,\xe2\x80\x94,1
549356482,New Balance 1080v6\n(288.3 mi),Strava iPhone App,809,0
1890467531,\xe2\x80\x94,Garmin Forerunner 220,\xe2\x80\x94,0
2325362583,"ASICS ASICSFrontrunner\n(1,454.7 mi)",Polar Vantage V,87,0
422004216,\xe2\x80\x94,Garmin Forerunner 410,\xe2\x80\x94,0
745191648,\xe2\x80\x94,Garmin Forerunner 410,\xe2\x80\x94,0
1262902560,ASICS Noosa FF\n(329.2 mi),Garmin f\xc4\x93nix 5S,\xe2\x80\x94,0
2325296664,\xe2\x80\x94,Garmin Forerunner 935,\xe2\x80\x94,0
1512433659,"ASICS Keyano 19\n(16,888.5 mi)",Suunto Ambit3 Peak,\xe2\x80\x94,0
549457327,\xe2\x80\x94,Garmin v\xc3\xadvoactive,\xe2\x80\x94,0
739700020,\xe2\x80\x94,Garmin Forerunner 230,\xe2\x80\x94,0
401185619,adidas Boston Boost 5 - orange\n(523.3 mi),Garmin Forerunner 920XT,\xe2\x80\x94,0
1947878732,\xe2\x80\x94,Garmin Forerunner 630,\xe2\x80\x94,0
1890645142,\xe2\x80\x94,\xe2\x80\x94,\xe2\x80\x94,0
1512759625,"HOKA ONE ONE Clifton 2 blue/black\n(19,036.3 mi)",Garmin v\xc3\xadvoactive HR,128,0
1262889145,On CloudFlow (Rock)\n(35.2 mi),Garmin Forerunner 735XT,707,0
1946338350,\xe2\x80\x94,Garmin Forerunner 235,\xe2\x80\x94,0
1525262818,"adidas Boston 6\n(13,643.7 mi)",Garmin v\xc3\xadvoactive HR,\xe2\x80\x94,0
200493241,\xe2\x80\x94,\xe2\x80\x94,564,0
1512563375,\xe2\x80\x94,Garmin f\xc4\x93nix 3,\xe2\x80\x94,0
1845047058,adidas Boston Print lila\n(926.3 mi),Garmin Forerunner 235,\xe2\x80\x94,0
555551224,Saucony Triumph ISO 12\n(205.1 mi),Garmin Forerunner 225,\xe2\x80\x94,0
2326150601,Brooks Launch 5\n(382.4 mi),Garmin Forerunner 935,314,0
2292424592,Brooks Ravenna\n(502.0 mi),Garmin Forerunner 220,\xe2\x80\x94,0
293247177,\xe2\x80\x94,Garmin Forerunner 910XT,\xe2\x80\x94,0
739800277,adidas Boston 5\n(657.3 mi),Garmin Forerunner 920XT,300,0
401268200,\xe2\x80\x94,Suunto Ambit2 S,\xe2\x80\x94,0
1224412647,\xe2\x80\x94,Garmin Forerunner 735XT,\xe2\x80\x94,0
2292230221,"HOKA ONE ONE Speedgoat 2\n(2,915.0 mi)",COROS APEX,\xe2\x80\x94,0
2786615750,Mizuno Waveride 23 Green #1\n(546.7 mi),Garmin Forerunner 210,\xe2\x80\x94,0
2748727107,\xe2\x80\x94,Garmin Forerunner 935,\xe2\x80\x94,0
739615178,\xe2\x80\x94,Garmin Forerunner 630,\xe2\x80\x94,0
879835197,ASICS Nimbus\n(234.5 mi),Garmin Forerunner 235,556,0
552165360,\xe2\x80\x94,Garmin Forerunner 220,\xe2\x80\x94,0
1890902043,\xe2\x80\x94,Garmin Forerunner 235,57,0
1879838585,\xe2\x80\x94,Garmin Forerunner 235,\xe2\x80\x94,0
555251664,\xe2\x80\x94,Garmin Forerunner 225,\xe2\x80\x94,0
2841910525,\xe2\x80\x94,\xe2\x80\x94,\xe2\x80\x94,0
290264240,"Brooks PureFlow  2 (Black & Green)\n(3,477.6 mi)",Garmin Forerunner 910XT,\xe2\x80\x94,0
2292086226,"adidas Ultra Boost 19\n(2,440.1 mi)",Strava iPhone App,\xe2\x80\x94,0
549433420,ASICS Gel OS Racer\n(540.2 mi),Garmin v\xc3\xadvoactive,\xe2\x80\x94,0
2327918294,adidas adizero adios\n(378.3 mi),Garmin Forerunner 935,\xe2\x80\x94,0
2749174552,\xe2\x80\x94,Garmin Forerunner 235,427,0
132869213,\xe2\x80\x94,Garmin Forerunner 910XT,268,0
946586994,Saucony Kinvara 8 Tokyo\n(482.6 mi),Garmin Forerunner 735XT,\xe2\x80\x94,0
993564806,\xe2\x80\x94,\xe2\x80\x94,\xe2\x80\x94,0
1512383435,"adidas Ultra's purple\n(5,279.9 mi)",Garmin Forerunner 735XT,\xe2\x80\x94,0
2325360427,Brooks Launch 5\n(417.9 mi),Garmin Forerunner 235,572,0
556732893,\xe2\x80\x94,Garmin Forerunner 910XT,\xe2\x80\x94,0
1221302639,\xe2\x80\x94,Garmin Forerunner 735XT,\xe2\x80\x94,0
1512957279,Nike Zoom Flyknit Streak 6\n(169.7 mi),Garmin Forerunner 10,\xe2\x80\x94,0
1512274985,\xe2\x80\x94,Garmin Forerunner 235,\xe2\x80\x94,0
289218958,\xe2\x80\x94,Garmin Forerunner 220,412,0
2786279461,\xe2\x80\x94,Garmin Forerunner 230,\xe2\x80\x94,0
2292314752,\xe2\x80\x94,\xe2\x80\x94,\xe2\x80\x94,0
2749095941,\xe2\x80\x94,Apple Watch Series 3,651,0
1890609796,\xe2\x80\x94,Garmin v\xc3\xadvoactive 3,\xe2\x80\x94,0
1525050776,adidas Supernova\n(230.0 mi),Garmin Forerunner 620,\xe2\x80\x94,0
2838991745,\xe2\x80\x94,Garmin Forerunner 245,\xe2\x80\x94,0
1226732988,"Nike Pegasus 33\n(1,772.8 mi)",Garmin Forerunner 220,\xe2\x80\x94,0
1034981663,\xe2\x80\x94,Garmin Forerunner 620,\xe2\x80\x94,0
424783358,adidas takumi sen racers\n(363.6 mi),Garmin f\xc4\x93nix 2,\xe2\x80\x94,0
2325518710,\xe2\x80\x94,Garmin Forerunner 620,442,0
2292310964,Nike 4%\n(115.3 mi),Garmin Forerunner 235,457,1
549524865,\xe2\x80\x94,Garmin Forerunner 920XT,\xe2\x80\x94,0
289392216,\xe2\x80\x94,\xe2\x80\x94,\xe2\x80\x94,0
1512315091,\xe2\x80\x94,Garmin Forerunner 935,595,0
1512660132,adidas Adios boost 3_White\n(389.4 mi),Garmin Forerunner 935,446,0
2292146140,Nike Zoomfly Flyknit\n(208.4 mi),Garmin Forerunner 935,332,0
2786158822,\xe2\x80\x94,\xe2\x80\x94,\xe2\x80\x94,0
549484696,\xe2\x80\x94,Garmin Forerunner 910XT,\xe2\x80\x94,0
1891094264,\xe2\x80\x94,Garmin f\xc4\x93nix 5S Plus,\xe2\x80\x94,0
289278236,Brooks\n(310.9 mi),Garmin Forerunner 910XT,\xe2\x80\x94,0
2749166755,\xe2\x80\x94,Garmin f\xc4\x93nix 5S Plus,496,0
133362589,Saucony viratta\n(199.9 mi),Garmin Forerunner 910XT,\xe2\x80\x94,0
2786542640,Nike Vaporfly Next% (Green)\n(157.0 mi),Garmin Forerunner 35,\xe2\x80\x94,1
1844913318,"Nike Vaporfly 4%, Isbl\xc3\xa5\n(448.2 mi)",Garmin f\xc4\x93nix 5X,\xe2\x80\x94,1
2292103593,\xe2\x80\x94,Garmin Forerunner 220,\xe2\x80\x94,0
946577959,\xe2\x80\x94,Garmin v\xc3\xadvoactive HR,332,0
2292170008,\xe2\x80\x94,Garmin Forerunner 935,\xe2\x80\x94,0
2838722756,Nike Next%\n(102.6 mi),Apple Watch Series 4,369,1
1890297930,Nike Vaporfly\n(136.9 mi),Garmin Forerunner 235,459,1
1844863994,Nike VaporFly 4%\n(378.0 mi),Garmin Forerunner 645 Music,\xe2\x80\x94,1
2749718674,\xe2\x80\x94,Garmin Forerunner 935,\xe2\x80\x94,0
1199489073,\xe2\x80\x94,\xe2\x80\x94,591,0
411122248,"ASICS nimbus 16\n(1,554.8 mi)",Garmin Forerunner 225,684,0
1279370570,\xe2\x80\x94,Garmin Forerunner 910XT,\xe2\x80\x94,0
879833011,"HOKA ONE ONE Clifton\n(9,126.8 mi)",Garmin Forerunner 225,\xe2\x80\x94,0
206628869,adidas Energy Boost 2 ATR\n(779.5 mi),Garmin Forerunner 620,511,0
208218728,Brooks Adrenaline GTS\n(420.3 mi),Garmin Forerunner 620,691,0
293192874,New Balance Fresh Foam M980\n(341.2 mi),Garmin Forerunner 110,\xe2\x80\x94,0
1199114503,adidas Boston Print lila\n(926.3 mi),Garmin Forerunner 235,\xe2\x80\x94,0
549526428,\xe2\x80\x94,Garmin Forerunner 910XT,\xe2\x80\x94,0
2838907958,\xe2\x80\x94,Garmin f\xc4\x93nix 5X,225,0
946509948,\xe2\x80\x94,Garmin Forerunner 220,\xe2\x80\x94,0
1262996234,"HOKA ONE ONE Clifton 4\n(6,896.6 mi)",Garmin Forerunner 225,\xe2\x80\x94,0
1424615779,Nike Vaporfly 4% Original\n(588.8 mi),Garmin Forerunner 920XT,\xe2\x80\x94,1
1946280720,\xe2\x80\x94,Garmin Forerunner 935,438,0
946487755,\xe2\x80\x94,Garmin Forerunner 220,\xe2\x80\x94,0
261055636,\xe2\x80\x94,Garmin Forerunner 610,\xe2\x80\x94,0
227354097,Nike Free 5.0 Flyknits\n(704.4 mi),Garmin Forerunner 10,\xe2\x80\x94,0
134444983,\xe2\x80\x94,Garmin Forerunner 220,\xe2\x80\x94,0
549509599,Newton Distance IV (orange)\n(288.5 mi),Garmin Forerunner 920XT,675,0
1525452154,\xe2\x80\x94,Garmin Forerunner 225,384,0
765530835,\xe2\x80\x94,Garmin Forerunner 620,\xe2\x80\x94,0
2325308847,ASICS Cumulus 19\n(387.6 mi),Garmin f\xc4\x93nix 3,\xe2\x80\x94,0
946669628,"Newton Distance- yellow train\n(7,351.9 mi)",Garmin Forerunner 920XT,\xe2\x80\x94,0
1200583055,\xe2\x80\x94,Garmin Forerunner 235,\xe2\x80\x94,0
2325686296,adidas AEROBOUNCE\n(436.0 mi),Strava iPhone App,\xe2\x80\x94,0
1221427059,adidas adios\n(220.9 mi),Garmin Forerunner 230,\xe2\x80\x94,0
300666831,\xe2\x80\x94,Garmin Forerunner 620,\xe2\x80\x94,0
1512504599,\xe2\x80\x94,Garmin Forerunner 230,\xe2\x80\x94,0
2748920600,Nike Zoom Fly Flyknit (2)\n(469.9 mi),Garmin f\xc4\x93nix 5S,41,0
200462010,\xe2\x80\x94,Garmin Forerunner 620,220,0
401232871,On Cloud (1)\n(758.7 mi),Garmin Forerunner 920XT,522,0
1846650471,\xe2\x80\x94,Garmin Forerunner 235,447,0
461467782,\xe2\x80\x94,Suunto Ambit2,\xe2\x80\x94,0
1890907746,HOKA ONE ONE Tracer\n(350.8 mi),Garmin f\xc4\x93nix 5,440,0
2839376179,\xe2\x80\x94,Garmin Forerunner 235,\xe2\x80\x94,0
293892858,\xe2\x80\x94,Garmin Forerunner 305,\xe2\x80\x94,0
2292939065,\xe2\x80\x94,Apple Watch Series 4,729,0
2292529985,\xe2\x80\x94,Garmin Forerunner 935,374,0
1199540685,"ASICS DS Racer 9\n(13,737.1 mi)",Garmin Forerunner 630,\xe2\x80\x94,0
2292098813,\xe2\x80\x94,Garmin Forerunner 645,305,0
1890482924,\xe2\x80\x94,Garmin f\xc4\x93nix 5X,272,0
422284882,"Brooks Pureflow\n(2,787.6 mi)",Garmin Forerunner 620,\xe2\x80\x94,0
2838832651,\xe2\x80\x94,Garmin Forerunner 620,\xe2\x80\x94,0
2839040122,\xe2\x80\x94,Garmin f\xc4\x93nix 3,\xe2\x80\x94,0
2292119793,HOKA ONE ONE Evo Carbon Rocket\n(161.1 mi),Garmin Forerunner 235,355,0
2899132761,\xe2\x80\x94,Polar M430,\xe2\x80\x94,0
743028080,\xe2\x80\x94,Garmin Forerunner 910XT,\xe2\x80\x94,0
2748790177,\xe2\x80\x94,\xe2\x80\x94,\xe2\x80\x94,0
1909590897,"HOKA ONE ONE Clifton 3\n(7,452.7 mi)",Garmin Forerunner 235,564,0
1524912222,\xe2\x80\x94,Garmin f\xc4\x93nix 3,751,0
2325355778,Nike Vapor 4% Flyknit\n(61.4 mi),Garmin Forerunner 935,398,1
293425787,\xe2\x80\x94,Garmin Forerunner 910XT,519,0
555351230,\xe2\x80\x94,Garmin Forerunner 220,\xe2\x80\x94,0
401737022,Brooks Launch\n(271.2 mi),Garmin Forerunner 910XT,\xe2\x80\x94,0
1890825595,"adidas Pure Boost DPR\n(4,633.9 mi)",Garmin v\xc3\xadvoactive,\xe2\x80\x94,0
1263289594,\xe2\x80\x94,Garmin Forerunner 920XT,\xe2\x80\x94,0
289402911,Brooks Ravenna 5 (2015)\n(606.9 mi),Garmin Forerunner 305,\xe2\x80\x94,0
290750571,\xe2\x80\x94,Garmin Forerunner 610,\xe2\x80\x94,0
1221482347,New Balance 1500v3\n(262.1 mi),Garmin Forerunner 935,\xe2\x80\x94,0
740715109,ASICS Gel Nimbus 18- pink\n(378.1 mi),Garmin Forerunner 210,\xe2\x80\x94,0
1524762507,Saucony Type A Racer AW17\n(295.8 mi),Garmin f\xc4\x93nix 5,732,0
401333442,Saucony Mirage 5\n(975.9 mi),\xe2\x80\x94,\xe2\x80\x94,0
4781314873,Nike Free RN\n(694.2 mi),Garmin Connect,\xe2\x80\x94,0
2839033462,\xe2\x80\x94,Garmin Forerunner 220,\xe2\x80\x94,0
539043573,\xe2\x80\x94,GPX,\xe2\x80\x94,0
1512648630,Nike Vaporfly\n(204.7 mi),Garmin Forerunner 220,\xe2\x80\x94,1
1263028005,\xe2\x80\x94,Garmin f\xc4\x93nix 5,461,0
1524530461,adidas Adios 3 #2\n(758.5 mi),Garmin Forerunner 920XT,363,0
1263031055,\xe2\x80\x94,Garmin Forerunner 235,\xe2\x80\x94,0
2786261723,\xe2\x80\x94,Garmin f\xc4\x93nix 5S,\xe2\x80\x94,0
200425036,\xe2\x80\x94,Suunto Ambit,\xe2\x80\x94,0
311755720,\xe2\x80\x94,Garmin Forerunner 10,\xe2\x80\x94,0
